-- phpMyAdmin SQL Dump
-- version 5.0.2
-- https://www.phpmyadmin.net/
--
-- Хост: 127.0.0.1:3306
-- Время создания: Дек 30 2020 г., 18:39
-- Версия сервера: 5.6.47
-- Версия PHP: 7.4.5

SET SQL_MODE = "NO_AUTO_VALUE_ON_ZERO";
START TRANSACTION;
SET time_zone = "+00:00";


/*!40101 SET @OLD_CHARACTER_SET_CLIENT=@@CHARACTER_SET_CLIENT */;
/*!40101 SET @OLD_CHARACTER_SET_RESULTS=@@CHARACTER_SET_RESULTS */;
/*!40101 SET @OLD_COLLATION_CONNECTION=@@COLLATION_CONNECTION */;
/*!40101 SET NAMES utf8mb4 */;

--
-- База данных: `dz4`
--

-- --------------------------------------------------------

--
-- Структура таблицы `categories`
--

CREATE TABLE `categories` (
  `id` int(10) NOT NULL,
  `title` varchar(250) NOT NULL
) ENGINE=InnoDB DEFAULT CHARSET=utf8;

--
-- Дамп данных таблицы `categories`
--

INSERT INTO `categories` (`id`, `title`) VALUES
(1, 'мониторы'),
(2, 'смартфоны'),
(3, 'ноутбуки');

-- --------------------------------------------------------

--
-- Структура таблицы `goods`
--

CREATE TABLE `goods` (
  `id_good` int(11) NOT NULL,
  `img_good` varchar(50) NOT NULL DEFAULT 'no-image.jpg',
  `name_good` varchar(50) NOT NULL,
  `desc_good` varchar(250) NOT NULL,
  `price_good` int(11) NOT NULL,
  `category_id` int(10) NOT NULL
) ENGINE=InnoDB DEFAULT CHARSET=utf8;

--
-- Дамп данных таблицы `goods`
--

INSERT INTO `goods` (`id_good`, `img_good`, `name_good`, `desc_good`, `price_good`, `category_id`) VALUES
(1, 'iphone.jpg', 'Iphone', 'Lorem ipsum dolor sit amet, consectetuer adipiscing elit. Aenean commodo ligula eget dolor. Aenean massa. Cum sociis natoque penatibus et magnis dis parturient montes, nascetur ridiculus mus. Donec quam felis, ultricies nec, pellentesque eu, pretium ', 30000, 2),
(5, 'samsung.jpg', 'Samsung', 'Lorem ipsum dolor sit amet, consectetuer adipiscing elit. Aenean commodo ligula eget dolor. Aenean massa. Cum sociis natoque penatibus et magnis dis parturient montes, nascetur ridiculus mus. Donec quam felis, ultricies nec, pellentesque eu, pretium', 25000, 2),
(6, 'lenovo.jpg', 'Lenovo', 'Lorem ipsum dolor sit amet, consectetuer adipiscing elit. Aenean commodo ligula eget dolor. Aenean massa. Cum sociis natoque penatibus et magnis dis parturient montes, nascetur ridiculus mus. Donec quam felis, ultricies nec, pellentesque eu, pretium', 15000, 2),
(19, 'Acer.jpg', 'Acer', 'Самый продвинутый ноутбук', 150000, 3),
(20, 'no-image.jpg', 'Philips', 'Плоские мониторы', 10000, 1);

-- --------------------------------------------------------

--
-- Структура таблицы `history`
--

CREATE TABLE `history` (
  `id` int(10) NOT NULL,
  `user_id` int(10) NOT NULL,
  `url` varchar(250) NOT NULL
) ENGINE=InnoDB DEFAULT CHARSET=utf8;

--
-- Дамп данных таблицы `history`
--

INSERT INTO `history` (`id`, `user_id`, `url`) VALUES
(2, 1, '/users/logout'),
(3, 1, '/users'),
(4, 1, '/favicon.ico'),
(5, 1, '/catalog'),
(6, 1, '/favicon.ico'),
(8, 1, '/users'),
(9, 1, '/favicon.ico'),
(10, 1, '/users'),
(11, 1, '/favicon.ico'),
(12, 1, '/users'),
(13, 1, '/favicon.ico'),
(14, 1, '/users'),
(15, 1, '/favicon.ico'),
(16, 1, '/users'),
(17, 1, '/favicon.ico'),
(18, 1, '/users'),
(19, 1, '/favicon.ico'),
(20, 1, '/users'),
(21, 1, '/favicon.ico'),
(22, 1, '/users'),
(23, 1, '/favicon.ico'),
(24, 1, '/users'),
(25, 1, '/favicon.ico'),
(26, 1, '/users'),
(27, 1, '/favicon.ico'),
(28, 1, '/users'),
(29, 1, '/favicon.ico'),
(30, 1, '/users/logout'),
(31, 1, '/users'),
(32, 1, '/favicon.ico'),
(33, 1, '/users'),
(34, 1, '/favicon.ico'),
(35, 1, '/users'),
(36, 1, '/favicon.ico'),
(37, 1, '/users'),
(38, 1, '/favicon.ico'),
(39, 1, '/users'),
(40, 1, '/favicon.ico'),
(41, 1, '/users'),
(42, 1, '/favicon.ico'),
(43, 1, '/users'),
(44, 1, '/favicon.ico'),
(45, 1, '/users'),
(46, 1, '/favicon.ico'),
(47, 1, '/users'),
(48, 1, '/favicon.ico'),
(49, 1, '/users'),
(50, 1, '/favicon.ico'),
(51, 1, '/users'),
(52, 1, '/favicon.ico'),
(53, 1, '/users'),
(54, 1, '/favicon.ico'),
(55, 1, '/users'),
(56, 1, '/users'),
(57, 1, '/favicon.ico'),
(58, 1, '/users'),
(59, 1, '/favicon.ico'),
(60, 1, '/users'),
(61, 1, '/favicon.ico'),
(62, 1, '/users'),
(63, 1, '/favicon.ico'),
(64, 1, '/users'),
(65, 1, '/favicon.ico'),
(66, 1, '/users'),
(67, 1, '/favicon.ico'),
(68, 1, '/users'),
(69, 1, '/favicon.ico'),
(70, 1, '/users/logout'),
(71, 1, '/users'),
(72, 1, '/favicon.ico'),
(73, 1, '/catalog'),
(74, 1, '/catalog'),
(75, 1, '/favicon.ico'),
(76, 1, '/users/logout'),
(77, 1, '/users'),
(78, 1, '/favicon.ico'),
(79, 1, '/users'),
(80, 1, '/favicon.ico'),
(81, 1, '/users'),
(82, 1, '/favicon.ico'),
(83, 1, '/users'),
(84, 1, '/favicon.ico'),
(85, 1, '/users'),
(86, 1, '/favicon.ico'),
(87, 1, '/users'),
(88, 1, '/favicon.ico'),
(89, 1, '/users/logout'),
(90, 1, '/users'),
(91, 1, '/favicon.ico'),
(92, 1, '/catalog'),
(93, 1, '/favicon.ico'),
(94, 1, '/users/logout'),
(95, 1, '/users'),
(96, 1, '/favicon.ico'),
(97, 1, '/users'),
(98, 1, '/favicon.ico'),
(99, 1, '/users'),
(100, 1, '/favicon.ico'),
(101, 1, '/users'),
(102, 1, '/favicon.ico'),
(103, 1, '/users'),
(104, 1, '/favicon.ico'),
(105, 1, '/users/logout'),
(106, 1, '/users'),
(107, 1, '/favicon.ico'),
(108, 1, '/users'),
(109, 1, '/favicon.ico'),
(110, 1, '/logout'),
(111, 1, '/users'),
(112, 1, '/favicon.ico'),
(113, 1, '/catalog'),
(114, 1, '/favicon.ico'),
(115, 1, '/catalog'),
(116, 1, '/$_SERVER[\'REQUEST_URI\']/imgiphone.jpg'),
(117, 1, '/$_SERVER[\'REQUEST_URI\']/imgsamsung.jpg'),
(118, 1, '/$_SERVER[\'REQUEST_URI\']/imglenovo.jpg'),
(119, 1, '/$_SERVER[\'REQUEST_URI\']/imgAcer.jpg'),
(120, 1, '/$_SERVER[\'REQUEST_URI\']/imgno-image.jpg'),
(121, 1, '/favicon.ico'),
(122, 1, '/catalog'),
(123, 1, '/$_SERVER[\'REQUEST_URI\']/img/iphone.jpg'),
(124, 1, '/$_SERVER[\'REQUEST_URI\']/img/samsung.jpg'),
(125, 1, '/$_SERVER[\'REQUEST_URI\']/img/no-image.jpg'),
(126, 1, '/$_SERVER[\'REQUEST_URI\']/img/lenovo.jpg'),
(127, 1, '/$_SERVER[\'REQUEST_URI\']/img/Acer.jpg'),
(128, 1, '/favicon.ico'),
(129, 1, '/catalog'),
(130, 1, '/$_SERVER[\'REQUEST_URI\']/img/iphone.jpg'),
(131, 1, '/$_SERVER[\'REQUEST_URI\']/img/samsung.jpg'),
(132, 1, '/$_SERVER[\'REQUEST_URI\']/img/lenovo.jpg'),
(133, 1, '/$_SERVER[\'REQUEST_URI\']/img/Acer.jpg'),
(134, 1, '/$_SERVER[\'REQUEST_URI\']/img/no-image.jpg'),
(135, 1, '/favicon.ico'),
(136, 1, '/catalog'),
(137, 1, '/favicon.ico'),
(138, 1, '/catalog'),
(139, 1, '/favicon.ico'),
(140, 1, '/catalog'),
(141, 1, '/favicon.ico'),
(142, 1, '/catalog'),
(143, 1, '/favicon.ico'),
(144, 1, '/catalog'),
(145, 1, '/favicon.ico'),
(146, 1, '/catalog'),
(147, 1, '/favicon.ico'),
(148, 1, '/catalog'),
(149, 1, '/favicon.ico'),
(150, 1, '/catalog'),
(151, 1, '/favicon.ico'),
(152, 1, '/catalog'),
(153, 1, '/favicon.ico'),
(154, 1, '/catalog'),
(155, 1, '/catalog'),
(156, 1, '/favicon.ico'),
(157, 1, '/catalog'),
(158, 1, '/favicon.ico'),
(159, 1, '/catalog'),
(160, 1, '/favicon.ico'),
(161, 1, '/catalog'),
(162, 1, '/favicon.ico'),
(163, 1, '/catalog'),
(164, 1, '/favicon.ico'),
(165, 1, '/catalog'),
(166, 1, '/favicon.ico'),
(167, 1, '/catalog'),
(168, 1, '/favicon.ico'),
(169, 1, '/catalog'),
(170, 1, '/favicon.ico'),
(171, 1, '/catalog'),
(172, 1, '/favicon.ico'),
(173, 1, '/catalog'),
(174, 1, '/favicon.ico'),
(175, 1, '/catalog'),
(176, 1, '/favicon.ico'),
(177, 1, '/catalog'),
(178, 1, '/favicon.ico'),
(179, 1, '/catalog'),
(180, 1, '/favicon.ico'),
(181, 1, '/catalog/1'),
(182, 1, '/favicon.ico'),
(183, 1, '/catalog'),
(184, 1, '/favicon.ico'),
(185, 1, '/catalog/2'),
(186, 1, '/favicon.ico'),
(187, 1, '/catalog'),
(188, 1, '/favicon.ico'),
(189, 1, '/catalog/3'),
(190, 1, '/favicon.ico'),
(191, 1, '/catalog'),
(192, 1, '/favicon.ico'),
(193, 1, '/catalog'),
(194, 1, '/favicon.ico'),
(195, 1, '/catalog'),
(196, 1, '/favicon.ico'),
(197, 1, '/catalog'),
(198, 1, '/favicon.ico'),
(199, 1, '/catalog'),
(200, 1, '/favicon.ico'),
(201, 1, '/catalog/1'),
(202, 1, '/favicon.ico'),
(203, 1, '/catalog'),
(204, 1, '/favicon.ico'),
(205, 1, '/catalog'),
(206, 1, '/'),
(207, 1, '/favicon.ico'),
(208, 1, '/catalog/1'),
(209, 1, '/favicon.ico'),
(210, 1, '/catalog'),
(211, 1, '/favicon.ico'),
(212, 1, '/catalog/2'),
(213, 1, '/favicon.ico'),
(214, 1, '/catalog'),
(215, 1, '/favicon.ico'),
(216, 1, '/catalog/3'),
(217, 1, '/favicon.ico'),
(218, 1, '/catalog'),
(219, 1, '/favicon.ico'),
(220, 1, '/catalog'),
(221, 1, '/favicon.ico'),
(222, 1, '/catalog'),
(223, 1, '/favicon.ico'),
(224, 1, '/catalog'),
(225, 1, '/favicon.ico'),
(226, 1, '/catalog'),
(227, 1, '/favicon.ico'),
(228, 1, '/catalog/1'),
(229, 1, '/favicon.ico'),
(230, 1, '/catalog'),
(231, 1, '/favicon.ico'),
(232, 1, '/catalog/2'),
(233, 1, '/favicon.ico'),
(234, 1, '/catalog'),
(235, 1, '/favicon.ico'),
(236, 1, '/catalog/3'),
(237, 1, '/favicon.ico'),
(238, 1, '/catalog'),
(239, 1, '/favicon.ico'),
(240, 1, '/catalog/1'),
(241, 1, '/favicon.ico'),
(242, 1, '/catalog'),
(243, 1, '/favicon.ico'),
(244, 1, '/catalog/2'),
(245, 1, '/favicon.ico'),
(246, 1, '/catalog'),
(247, 1, '/favicon.ico'),
(248, 1, '/catalog/3'),
(249, 1, '/favicon.ico'),
(250, 1, '/catalog/3'),
(251, 1, '/favicon.ico'),
(252, 1, '/catalog'),
(253, 1, '/favicon.ico'),
(254, 1, '/users/logout'),
(255, 1, '/users'),
(256, 1, '/favicon.ico'),
(257, 1, '/users'),
(258, 1, '/'),
(259, 1, '/favicon.ico'),
(260, 1, '/favicon.ico'),
(261, 1, '/catalog'),
(262, 1, '/favicon.ico'),
(263, 1, '/catalog/1'),
(264, 1, '/favicon.ico'),
(265, 1, '/catalog'),
(266, 1, '/favicon.ico'),
(267, 1, '/catalog/2'),
(268, 1, '/favicon.ico'),
(269, 1, '/catalog'),
(270, 1, '/favicon.ico'),
(271, 1, '/catalog/3'),
(272, 1, '/favicon.ico'),
(273, 1, '/catalog'),
(274, 1, '/favicon.ico'),
(275, 1, '/catalog/1'),
(276, 1, '/favicon.ico'),
(277, 1, '/catalog'),
(278, 1, '/favicon.ico'),
(279, 1, '/catalog/3'),
(280, 1, '/favicon.ico'),
(281, 1, '/catalog'),
(282, 1, '/favicon.ico'),
(283, 1, '/catalog/1'),
(284, 1, '/favicon.ico'),
(285, 1, '/catalog'),
(286, 1, '/favicon.ico'),
(287, 1, '/catalog/2'),
(288, 1, '/favicon.ico'),
(289, 1, '/catalog'),
(290, 1, '/favicon.ico'),
(291, 1, '/catalog/3'),
(292, 1, '/favicon.ico'),
(293, 1, '/catalog/3/'),
(294, 1, '/favicon.ico'),
(295, 1, '/catalog/3/'),
(296, 1, '/favicon.ico'),
(297, 1, '/catalog'),
(298, 1, '/favicon.ico'),
(299, 1, '/catalog/2'),
(300, 1, '/favicon.ico'),
(301, 1, '/catalog/2'),
(302, 1, '/favicon.ico'),
(303, 1, '/catalog/2'),
(304, 1, '/favicon.ico'),
(305, 1, '/catalog/2/'),
(306, 1, '/favicon.ico'),
(307, 1, '/catalog'),
(308, 1, '/favicon.ico'),
(309, 1, '/catalog/2'),
(310, 1, '/favicon.ico'),
(311, 1, '/catalog//'),
(312, 1, '/favicon.ico'),
(313, 1, '/catalog/2'),
(314, 1, '/favicon.ico'),
(315, 1, '/catalog//'),
(316, 1, '/favicon.ico'),
(317, 1, '/catalog/1'),
(318, 1, '/favicon.ico'),
(319, 1, '/catalog/1/20'),
(320, 1, '/favicon.ico'),
(321, 1, '/catalog/1'),
(322, 1, '/favicon.ico'),
(323, 1, '/catalog'),
(324, 1, '/favicon.ico'),
(325, 1, '/catalog/2'),
(326, 1, '/favicon.ico'),
(327, 1, '/catalog/2/5'),
(328, 1, '/favicon.ico'),
(329, 1, '/catalog/2'),
(330, 1, '/favicon.ico'),
(331, 1, '/catalog'),
(332, 1, '/favicon.ico'),
(333, 1, '/catalog/2'),
(334, 1, '/favicon.ico'),
(335, 1, '/catalog/2/1'),
(336, 1, '/favicon.ico'),
(337, 1, '/catalog/2/1'),
(338, 1, '/favicon.ico'),
(339, 1, '/catalog/2'),
(340, 1, '/favicon.ico'),
(341, 1, '/catalog/2/6'),
(342, 1, '/favicon.ico'),
(343, 1, '/catalog/2/6'),
(344, 1, '/favicon.ico'),
(345, 1, '/catalog/2'),
(346, 1, '/favicon.ico'),
(347, 1, '/catalog'),
(348, 1, '/favicon.ico'),
(349, 1, '/catalog/1'),
(350, 1, '/favicon.ico'),
(351, 1, '/catalog/1/20'),
(352, 1, '/favicon.ico'),
(353, 1, '/catalog'),
(354, 1, '/favicon.ico'),
(355, 1, '/catalog/1'),
(356, 1, '/favicon.ico'),
(357, 1, '/catalog/1/20'),
(358, 1, '/favicon.ico'),
(359, 1, '/catalog/1'),
(360, 1, '/favicon.ico'),
(361, 1, '/catalog'),
(362, 1, '/favicon.ico'),
(363, 1, '/catalog/2'),
(364, 1, '/favicon.ico'),
(365, 1, '/catalog/2/5'),
(366, 1, '/favicon.ico'),
(367, 1, '/catalog/2'),
(368, 1, '/favicon.ico'),
(369, 1, '/catalog/2/5'),
(370, 1, '/favicon.ico'),
(371, 1, '/catalog'),
(372, 1, '/favicon.ico'),
(373, 1, '/catalog/1'),
(374, 1, '/favicon.ico'),
(375, 1, '/catalog'),
(376, 1, '/favicon.ico'),
(377, 1, '/catalog/2'),
(378, 1, '/favicon.ico'),
(379, 1, '/catalog/2/5'),
(380, 1, '/favicon.ico'),
(381, 1, '/favicon.ico'),
(382, 1, '/catalog/2/5'),
(383, 1, '/favicon.ico'),
(384, 1, '/catalog/2/5'),
(385, 1, '/favicon.ico'),
(386, 1, '/catalog/2/5'),
(387, 1, '/favicon.ico'),
(388, 1, '/catalog/2/5'),
(389, 1, '/favicon.ico'),
(390, 1, '/catalog/2/5'),
(391, 1, '/favicon.ico'),
(392, 1, '/catalog'),
(393, 1, '/favicon.ico'),
(394, 1, '/catalog/2'),
(395, 1, '/favicon.ico'),
(396, 1, '/catalog/2/5'),
(397, 1, '/favicon.ico'),
(398, 1, '/catalog'),
(399, 1, '/favicon.ico'),
(400, 1, '/catalog/2'),
(401, 1, '/favicon.ico'),
(402, 1, '/catalog'),
(403, 1, '/favicon.ico'),
(404, 1, '/catalog/2'),
(405, 1, '/favicon.ico'),
(406, 1, '/catalog/2/1'),
(407, 1, '/favicon.ico'),
(408, 1, '/catalog/1'),
(409, 1, '/favicon.ico'),
(410, 1, '/catalog'),
(411, 1, '/favicon.ico'),
(412, 1, '/catalog/2'),
(413, 1, '/favicon.ico'),
(414, 1, '/catalog/2/1'),
(415, 1, '/favicon.ico'),
(416, 1, '/catalog'),
(417, 1, '/favicon.ico'),
(418, 1, '/catalog/2'),
(419, 1, '/favicon.ico'),
(420, 1, '/catalog/2/5'),
(421, 1, '/favicon.ico'),
(422, 1, '/catalog'),
(423, 1, '/favicon.ico'),
(424, 1, '/catalog/2'),
(425, 1, '/favicon.ico'),
(426, 1, '/catalog/2/6'),
(427, 1, '/favicon.ico'),
(428, 1, '/catalog'),
(429, 1, '/favicon.ico'),
(430, 1, '/catalog/1'),
(431, 1, '/favicon.ico'),
(432, 1, '/catalog/1/20'),
(433, 1, '/favicon.ico'),
(434, 1, '/catalog'),
(435, 1, '/favicon.ico'),
(436, 1, '/catalog/2'),
(437, 1, '/favicon.ico'),
(438, 1, '/catalog/2/1'),
(439, 1, '/favicon.ico'),
(440, 1, '/catalog'),
(441, 1, '/favicon.ico'),
(442, 1, '/catalog/2'),
(443, 1, '/favicon.ico'),
(444, 1, '/catalog/2/6'),
(445, 1, '/favicon.ico'),
(446, 1, '/catalog'),
(447, 1, '/favicon.ico'),
(448, 1, '/catalog/2'),
(449, 1, '/favicon.ico'),
(450, 1, '/catalog/2/5'),
(451, 1, '/favicon.ico'),
(452, 1, '/catalog'),
(453, 1, '/favicon.ico'),
(454, 1, '/catalog/2'),
(455, 1, '/favicon.ico'),
(456, 1, '/catalog/2/1'),
(457, 1, '/favicon.ico'),
(458, 1, '/catalog/1'),
(459, 1, '/favicon.ico'),
(460, 1, '/catalog'),
(461, 1, '/favicon.ico'),
(462, 1, '/catalog/3'),
(463, 1, '/favicon.ico'),
(464, 1, '/catalog/3/19'),
(465, 1, '/favicon.ico'),
(466, 1, '/favicon.ico'),
(467, 1, '/catalog'),
(468, 1, '/favicon.ico'),
(469, 1, '/catalog/2'),
(470, 1, '/favicon.ico'),
(471, 1, '/catalog/2/1'),
(472, 1, '/favicon.ico'),
(473, 1, '/favicon.ico'),
(474, 1, '/catalog'),
(475, 1, '/favicon.ico'),
(476, 1, '/catalog/2'),
(477, 1, '/favicon.ico'),
(478, 1, '/catalog/2/1'),
(479, 1, '/favicon.ico'),
(480, 1, '/catalog'),
(481, 1, '/favicon.ico'),
(482, 1, '/catalog/2'),
(483, 1, '/favicon.ico'),
(484, 1, '/catalog/2/5'),
(485, 1, '/favicon.ico'),
(486, 1, '/catalog'),
(487, 1, '/favicon.ico'),
(488, 1, '/catalog/2'),
(489, 1, '/favicon.ico'),
(490, 1, '/catalog/2/5'),
(491, 1, '/favicon.ico'),
(492, 1, '/catalog'),
(493, 1, '/favicon.ico'),
(494, 1, '/catalog/1'),
(495, 1, '/favicon.ico'),
(496, 1, '/catalog/1/20'),
(497, 1, '/favicon.ico'),
(498, 1, '/catalog'),
(499, 1, '/favicon.ico'),
(500, 1, '/catalog/2'),
(501, 1, '/favicon.ico'),
(502, 1, '/catalog/2/1'),
(503, 1, '/favicon.ico'),
(504, 1, '/catalog'),
(505, 1, '/favicon.ico'),
(506, 1, '/catalog/2'),
(507, 1, '/favicon.ico'),
(508, 1, '/catalog/2/5'),
(509, 1, '/favicon.ico'),
(510, 1, '/catalog'),
(511, 1, '/favicon.ico'),
(512, 1, '/catalog/2'),
(513, 1, '/favicon.ico'),
(514, 1, '/catalog/2/1'),
(515, 1, '/favicon.ico'),
(516, 1, '/catalog/1'),
(517, 1, '/favicon.ico'),
(518, 1, '/catalog/1/20'),
(519, 1, '/favicon.ico'),
(520, 1, '/catalog'),
(521, 1, '/favicon.ico'),
(522, 1, '/catalog/2'),
(523, 1, '/favicon.ico'),
(524, 1, '/catalog/2/1'),
(525, 1, '/favicon.ico'),
(526, 1, '/catalog'),
(527, 1, '/favicon.ico'),
(528, 1, '/catalog/2'),
(529, 1, '/favicon.ico'),
(530, 1, '/catalog/2/1'),
(531, 1, '/favicon.ico'),
(532, 1, '/catalog'),
(533, 1, '/favicon.ico'),
(534, 1, '/catalog/2'),
(535, 1, '/favicon.ico'),
(536, 1, '/catalog/2/5'),
(537, 1, '/favicon.ico'),
(538, 1, '/catalog'),
(539, 1, '/favicon.ico'),
(540, 1, '/catalog/2'),
(541, 1, '/favicon.ico'),
(542, 1, '/catalog/2/6'),
(543, 1, '/favicon.ico'),
(544, 1, '/catalog'),
(545, 1, '/favicon.ico'),
(546, 1, '/catalog/1'),
(547, 1, '/favicon.ico'),
(548, 1, '/catalog/1/20'),
(549, 1, '/favicon.ico'),
(550, 1, '/catalog'),
(551, 1, '/favicon.ico'),
(552, 1, '/catalog/2'),
(553, 1, '/favicon.ico'),
(554, 1, '/catalog/2/1'),
(555, 1, '/favicon.ico'),
(556, 1, '/catalog'),
(557, 1, '/favicon.ico'),
(558, 1, '/catalog/2'),
(559, 1, '/favicon.ico'),
(560, 1, '/catalog'),
(561, 1, '/favicon.ico'),
(562, 1, '/catalog/3'),
(563, 1, '/favicon.ico'),
(564, 1, '/catalog'),
(565, 1, '/favicon.ico'),
(566, 1, '/catalog/2'),
(567, 1, '/favicon.ico'),
(568, 1, '/catalog/2/5'),
(569, 1, '/favicon.ico'),
(570, 1, '/catalog'),
(571, 1, '/favicon.ico'),
(572, 1, '/catalog/2'),
(573, 1, '/favicon.ico'),
(574, 1, '/catalog/2/1'),
(575, 1, '/favicon.ico'),
(576, 1, '/catalog'),
(577, 1, '/favicon.ico'),
(578, 1, '/catalog/1'),
(579, 1, '/favicon.ico'),
(580, 1, '/catalog/1/20'),
(581, 1, '/favicon.ico'),
(582, 1, '/catalog'),
(583, 1, '/favicon.ico'),
(584, 1, '/catalog/2'),
(585, 1, '/favicon.ico'),
(586, 1, '/catalog/2/5'),
(587, 1, '/favicon.ico'),
(588, 1, '/catalog'),
(589, 1, '/favicon.ico'),
(590, 1, '/catalog/2'),
(591, 1, '/favicon.ico'),
(592, 1, '/catalog/2/1'),
(593, 1, '/favicon.ico'),
(594, 1, '/catalog'),
(595, 1, '/favicon.ico'),
(596, 1, '/catalog/2'),
(597, 1, '/favicon.ico'),
(598, 1, '/catalog/2/5'),
(599, 1, '/favicon.ico'),
(600, 1, '/catalog'),
(601, 1, '/favicon.ico'),
(602, 1, '/catalog/2'),
(603, 1, '/favicon.ico'),
(604, 1, '/catalog/2/1'),
(605, 1, '/favicon.ico'),
(606, 1, '/catalog'),
(607, 1, '/favicon.ico'),
(608, 1, '/catalog/2'),
(609, 1, '/favicon.ico'),
(610, 1, '/catalog/2/1'),
(611, 1, '/favicon.ico'),
(612, 1, '/catalog'),
(613, 1, '/favicon.ico'),
(614, 1, '/catalog/2'),
(615, 1, '/favicon.ico'),
(616, 1, '/catalog/2/5'),
(617, 1, '/favicon.ico'),
(618, 1, '/catalog'),
(619, 1, '/favicon.ico'),
(620, 1, '/catalog/3'),
(621, 1, '/favicon.ico'),
(622, 1, '/catalog'),
(623, 1, '/favicon.ico'),
(624, 1, '/catalog/2'),
(625, 1, '/favicon.ico'),
(626, 1, '/catalog'),
(627, 1, '/favicon.ico'),
(628, 1, '/catalog/1'),
(629, 1, '/favicon.ico'),
(630, 1, '/catalog/1/20'),
(631, 1, '/favicon.ico'),
(632, 1, '/catalog'),
(633, 1, '/favicon.ico'),
(634, 1, '/catalog/2'),
(635, 1, '/favicon.ico'),
(636, 1, '/catalog/2/1'),
(637, 1, '/favicon.ico'),
(638, 1, '/catalog'),
(639, 1, '/favicon.ico'),
(640, 1, '/catalog/2'),
(641, 1, '/favicon.ico'),
(642, 1, '/catalog/2/1'),
(643, 1, '/favicon.ico'),
(644, 1, '/catalog'),
(645, 1, '/favicon.ico'),
(646, 1, '/catalog/2'),
(647, 1, '/favicon.ico'),
(648, 1, '/catalog/2/5'),
(649, 1, '/favicon.ico'),
(650, 1, '/catalog'),
(651, 1, '/favicon.ico'),
(652, 1, '/catalog/2'),
(653, 1, '/favicon.ico'),
(654, 1, '/catalog'),
(655, 1, '/favicon.ico'),
(656, 1, '/catalog/1'),
(657, 1, '/favicon.ico'),
(658, 1, '/catalog'),
(659, 1, '/favicon.ico'),
(660, 1, '/catalog/3'),
(661, 1, '/favicon.ico'),
(662, 1, '/catalog'),
(663, 1, '/favicon.ico'),
(664, 1, '/catalog/2'),
(665, 1, '/favicon.ico'),
(666, 1, '/catalog/2/1'),
(667, 1, '/favicon.ico'),
(668, 1, '/catalog/2'),
(669, 1, '/favicon.ico'),
(670, 1, '/catalog/2/5'),
(671, 1, '/favicon.ico'),
(672, 1, '/catalog/2'),
(673, 1, '/favicon.ico'),
(674, 1, '/catalog/2/6'),
(675, 1, '/favicon.ico'),
(676, 1, '/catalog/2'),
(677, 1, '/favicon.ico'),
(678, 1, '/catalog'),
(679, 1, '/favicon.ico'),
(680, 1, '/catalog/3'),
(681, 1, '/favicon.ico'),
(682, 1, '/catalog/3/19'),
(683, 1, '/favicon.ico'),
(684, 1, '/catalog/3'),
(685, 1, '/favicon.ico'),
(686, 1, '/catalog'),
(687, 1, '/favicon.ico'),
(688, 1, '/catalog'),
(689, 1, '/favicon.ico'),
(690, 1, '/catalog'),
(691, 1, '/favicon.ico'),
(692, 1, '/catalog'),
(693, 1, '/favicon.ico'),
(694, 1, '/catalog/2'),
(695, 1, '/favicon.ico'),
(696, 1, '/catalog/2/1'),
(697, 1, '/favicon.ico'),
(698, 1, '/catalog/2'),
(699, 1, '/favicon.ico'),
(700, 1, '/catalog/2/5'),
(701, 1, '/favicon.ico'),
(702, 1, '/catalog/2'),
(703, 1, '/favicon.ico'),
(704, 1, '/catalog/2/6'),
(705, 1, '/favicon.ico'),
(706, 1, '/catalog'),
(707, 1, '/favicon.ico'),
(708, 1, '/catalog/1'),
(709, 1, '/favicon.ico'),
(710, 1, '/catalog/1/20'),
(711, 1, '/favicon.ico'),
(712, 1, '/catalog'),
(713, 1, '/favicon.ico'),
(714, 1, '/catalog/3'),
(715, 1, '/favicon.ico'),
(716, 1, '/catalog/3/19'),
(717, 1, '/favicon.ico'),
(718, 1, '/catalog'),
(719, 1, '/favicon.ico'),
(720, 1, '/catalog/2'),
(721, 1, '/favicon.ico'),
(722, 1, '/catalog/2/5'),
(723, 1, '/favicon.ico'),
(724, 1, '/catalog/2'),
(725, 1, '/favicon.ico'),
(726, 1, '/catalog/2/1'),
(727, 1, '/favicon.ico'),
(728, 1, '/catalog/2'),
(729, 1, '/favicon.ico'),
(730, 1, '/catalog/2/5'),
(731, 1, '/favicon.ico'),
(732, 1, '/catalog/2'),
(733, 1, '/favicon.ico'),
(734, 1, '/catalog/2/1'),
(735, 1, '/favicon.ico'),
(736, 1, '/catalog/2'),
(737, 1, '/favicon.ico'),
(738, 1, '/catalog'),
(739, 1, '/favicon.ico'),
(740, 1, '/catalog/1'),
(741, 1, '/favicon.ico'),
(742, 1, '/catalog/1/20'),
(743, 1, '/favicon.ico'),
(744, 1, '/catalog'),
(745, 1, '/favicon.ico'),
(746, 1, '/catalog/2'),
(747, 1, '/favicon.ico'),
(748, 1, '/catalog/2/1'),
(749, 1, '/favicon.ico'),
(750, 1, '/catalog'),
(751, 1, '/favicon.ico'),
(752, 1, '/catalog/2'),
(753, 1, '/favicon.ico'),
(754, 1, '/catalog/2/1'),
(755, 1, '/favicon.ico'),
(756, 1, '/catalog/2'),
(757, 1, '/favicon.ico'),
(758, 1, '/catalog/2/6'),
(759, 1, '/favicon.ico'),
(760, 1, '/catalog'),
(761, 1, '/favicon.ico'),
(762, 1, '/catalog/3'),
(763, 1, '/favicon.ico'),
(764, 1, '/catalog/3/19'),
(765, 1, '/favicon.ico'),
(766, 1, '/catalog'),
(767, 1, '/favicon.ico'),
(768, 1, '/catalog/1'),
(769, 1, '/favicon.ico'),
(770, 1, '/catalog//20'),
(771, 1, '/favicon.ico'),
(772, 1, '/catalog'),
(773, 1, '/favicon.ico'),
(774, 1, '/catalog/2'),
(775, 1, '/favicon.ico'),
(776, 1, '/catalog//1'),
(777, 1, '/favicon.ico'),
(778, 1, '/catalog//20'),
(779, 1, '/favicon.ico'),
(780, 1, '/catalog'),
(781, 1, '/favicon.ico'),
(782, 1, '/catalog/3'),
(783, 1, '/favicon.ico'),
(784, 1, '/catalog//19'),
(785, 1, '/favicon.ico'),
(786, 1, '/users/logout'),
(787, 1, '/users'),
(788, 1, '/favicon.ico'),
(789, 1, '/catalog'),
(790, 1, '/favicon.ico'),
(791, 1, '/catalog/2'),
(792, 1, '/favicon.ico'),
(793, 1, '/catalog//5'),
(794, 1, '/favicon.ico'),
(795, 1, '/catalog'),
(796, 1, '/favicon.ico'),
(797, 1, '/users/logout'),
(798, 1, '/users'),
(799, 1, '/favicon.ico'),
(800, 1, '/catalog'),
(801, 1, '/favicon.ico'),
(802, 1, '/catalog/2'),
(803, 1, '/favicon.ico'),
(804, 1, '/catalog'),
(805, 1, '/favicon.ico'),
(806, 1, '/catalog/1'),
(807, 1, '/favicon.ico'),
(808, 1, '/catalog/1/20'),
(809, 1, '/favicon.ico'),
(810, 1, '/catalog'),
(811, 1, '/favicon.ico'),
(812, 1, '/catalog/2'),
(813, 1, '/favicon.ico'),
(814, 1, '/catalog/2/1'),
(815, 1, '/favicon.ico'),
(816, 1, '/catalog/2'),
(817, 1, '/favicon.ico'),
(818, 1, '/catalog/2/5'),
(819, 1, '/favicon.ico'),
(820, 1, '/catalog/2'),
(821, 1, '/favicon.ico'),
(822, 1, '/catalog/2/6'),
(823, 1, '/favicon.ico'),
(824, 1, '/catalog'),
(825, 1, '/favicon.ico'),
(826, 1, '/catalog/3'),
(827, 1, '/favicon.ico'),
(828, 1, '/catalog/3/19'),
(829, 1, '/favicon.ico'),
(830, 1, '/catalog/3'),
(831, 1, '/favicon.ico'),
(832, 1, '/catalog'),
(833, 1, '/favicon.ico'),
(834, 1, '/catalog/1'),
(835, 1, '/favicon.ico'),
(836, 1, '/catalog/1/20'),
(837, 1, '/favicon.ico'),
(838, 1, '/catalog'),
(839, 1, '/favicon.ico'),
(840, 1, '/catalog'),
(841, 1, '/favicon.ico'),
(842, 1, '/catalog/1'),
(843, 1, '/favicon.ico'),
(844, 1, '/catalog/1/20'),
(845, 1, '/favicon.ico'),
(846, 1, '/catalog'),
(847, 1, '/favicon.ico'),
(848, 1, '/catalog/2'),
(849, 1, '/favicon.ico'),
(850, 1, '/catalog/2/1'),
(851, 1, '/favicon.ico'),
(852, 1, '/catalog'),
(853, 1, '/favicon.ico'),
(854, 1, '/catalog/2'),
(855, 1, '/favicon.ico'),
(856, 1, '/catalog/2/5'),
(857, 1, '/favicon.ico'),
(858, 1, '/catalog'),
(859, 1, '/favicon.ico'),
(860, 1, '/catalog/1'),
(861, 1, '/favicon.ico'),
(862, 1, '/catalog/1/20'),
(863, 1, '/favicon.ico'),
(864, 1, '/catalog'),
(865, 1, '/favicon.ico'),
(866, 1, '/catalog/2'),
(867, 1, '/favicon.ico'),
(868, 1, '/catalog/2/1'),
(869, 1, '/favicon.ico'),
(870, 1, '/catalog/2'),
(871, 1, '/favicon.ico'),
(872, 1, '/catalog'),
(873, 1, '/favicon.ico'),
(874, 1, '/catalog/3'),
(875, 1, '/favicon.ico'),
(876, 1, '/catalog/3/19'),
(877, 1, '/favicon.ico'),
(878, 1, '/catalog'),
(879, 1, '/favicon.ico'),
(880, 1, '/catalog/2'),
(881, 1, '/favicon.ico'),
(882, 1, '/catalog/2/5'),
(883, 1, '/favicon.ico'),
(884, 1, '/catalog'),
(885, 1, '/favicon.ico'),
(886, 1, '/catalog/1'),
(887, 1, '/favicon.ico'),
(888, 1, '/catalog/1/20'),
(889, 1, '/favicon.ico'),
(890, 1, '/catalog'),
(891, 1, '/favicon.ico'),
(892, 1, '/catalog/3'),
(893, 1, '/favicon.ico'),
(894, 1, '/catalog/3/19'),
(895, 1, '/favicon.ico'),
(896, 1, '/catalog'),
(897, 1, '/favicon.ico'),
(898, 1, '/catalog/2'),
(899, 1, '/favicon.ico'),
(900, 1, '/catalog/2/1'),
(901, 1, '/favicon.ico'),
(902, 1, '/catalog/2/1'),
(903, 1, '/favicon.ico'),
(904, 1, '/catalog'),
(905, 1, '/favicon.ico'),
(906, 1, '/catalog/2'),
(907, 1, '/favicon.ico'),
(908, 1, '/catalog/2/1'),
(909, 1, '/favicon.ico'),
(910, 1, '/catalog/2/1'),
(911, 1, '/favicon.ico'),
(912, 1, '/catalog'),
(913, 1, '/favicon.ico'),
(914, 1, '/catalog/2'),
(915, 1, '/favicon.ico'),
(916, 1, '/catalog/2/1'),
(917, 1, '/favicon.ico'),
(918, 1, '/catalog'),
(919, 1, '/favicon.ico'),
(920, 1, '/catalog/3'),
(921, 1, '/favicon.ico'),
(922, 1, '/catalog/3/19'),
(923, 1, '/favicon.ico'),
(924, 1, '/catalog'),
(925, 1, '/favicon.ico'),
(926, 1, '/catalog/2'),
(927, 1, '/favicon.ico'),
(928, 1, '/catalog/2/5'),
(929, 1, '/favicon.ico'),
(930, 1, '/catalog'),
(931, 1, '/favicon.ico'),
(932, 1, '/catalog/1'),
(933, 1, '/favicon.ico'),
(934, 1, '/catalog/1/20'),
(935, 1, '/favicon.ico'),
(936, 1, '/catalog'),
(937, 1, '/favicon.ico'),
(938, 1, '/catalog/3'),
(939, 1, '/favicon.ico'),
(940, 1, '/catalog/3/19'),
(941, 1, '/favicon.ico'),
(942, 1, '/catalog'),
(943, 1, '/favicon.ico'),
(944, 1, '/catalog/2'),
(945, 1, '/favicon.ico'),
(946, 1, '/catalog/2/5'),
(947, 1, '/favicon.ico'),
(948, 1, '/catalog'),
(949, 1, '/favicon.ico'),
(950, 1, '/catalog/2'),
(951, 1, '/favicon.ico'),
(952, 1, '/catalog/2/6'),
(953, 1, '/favicon.ico'),
(954, 1, '/catalog'),
(955, 1, '/favicon.ico'),
(956, 1, '/catalog/1'),
(957, 1, '/favicon.ico'),
(958, 1, '/catalog/1/20'),
(959, 1, '/favicon.ico'),
(960, 1, '/catalog'),
(961, 1, '/favicon.ico'),
(962, 1, '/catalog/2'),
(963, 1, '/favicon.ico'),
(964, 1, '/catalog/2/1'),
(965, 1, '/favicon.ico'),
(966, 1, '/catalog/2'),
(967, 1, '/favicon.ico'),
(968, 1, '/catalog/2/5'),
(969, 1, '/favicon.ico'),
(970, 1, '/catalog'),
(971, 1, '/favicon.ico'),
(972, 1, '/catalog/1'),
(973, 1, '/favicon.ico'),
(974, 1, '/catalog/1/20'),
(975, 1, '/favicon.ico'),
(976, 1, '/catalog'),
(977, 1, '/favicon.ico'),
(978, 1, '/catalog/2'),
(979, 1, '/favicon.ico'),
(980, 1, '/catalog/2/1'),
(981, 1, '/favicon.ico'),
(982, 1, '/catalog'),
(983, 1, '/favicon.ico'),
(984, 1, '/catalog/2'),
(985, 1, '/favicon.ico'),
(986, 1, '/catalog/2/1'),
(987, 1, '/favicon.ico'),
(988, 1, '/catalog/2/1'),
(989, 1, '/favicon.ico'),
(990, 1, '/catalog'),
(991, 1, '/favicon.ico'),
(992, 1, '/catalog/2'),
(993, 1, '/favicon.ico'),
(994, 1, '/catalog/2/1'),
(995, 1, '/favicon.ico'),
(996, 1, '/catalog/2'),
(997, 1, '/favicon.ico'),
(998, 1, '/catalog/2/5'),
(999, 1, '/favicon.ico'),
(1000, 1, '/catalog'),
(1001, 1, '/favicon.ico'),
(1002, 1, '/catalog/2'),
(1003, 1, '/favicon.ico'),
(1004, 1, '/catalog'),
(1005, 1, '/favicon.ico'),
(1006, 1, '/catalog/3'),
(1007, 1, '/favicon.ico'),
(1008, 1, '/catalog/3/19'),
(1009, 1, '/favicon.ico'),
(1010, 1, '/catalog'),
(1011, 1, '/favicon.ico'),
(1012, 1, '/catalog/2'),
(1013, 1, '/favicon.ico'),
(1014, 1, '/catalog/2/5'),
(1015, 1, '/favicon.ico'),
(1016, 1, '/catalog/2'),
(1017, 1, '/favicon.ico'),
(1018, 1, '/catalog/2/6'),
(1019, 1, '/favicon.ico'),
(1020, 1, '/catalog/2'),
(1021, 1, '/favicon.ico'),
(1022, 1, '/catalog/2/5'),
(1023, 1, '/favicon.ico'),
(1024, 1, '/catalog/2/5'),
(1025, 1, '/favicon.ico'),
(1026, 1, '/catalog'),
(1027, 1, '/favicon.ico'),
(1028, 1, '/catalog/2'),
(1029, 1, '/favicon.ico'),
(1030, 1, '/catalog/2/1'),
(1031, 1, '/favicon.ico'),
(1032, 1, '/catalog/2/1'),
(1033, 1, '/favicon.ico'),
(1034, 1, '/catalog'),
(1035, 1, '/favicon.ico'),
(1036, 1, '/catalog/3'),
(1037, 1, '/favicon.ico'),
(1038, 1, '/catalog/3/19'),
(1039, 1, '/favicon.ico'),
(1040, 1, '/catalog/3/19'),
(1041, 1, '/favicon.ico'),
(1042, 1, '/catalog/3/19'),
(1043, 1, '/favicon.ico'),
(1044, 1, '/catalog'),
(1045, 1, '/favicon.ico'),
(1046, 1, '/catalog/2'),
(1047, 1, '/favicon.ico'),
(1048, 1, '/catalog/2/1'),
(1049, 1, '/favicon.ico'),
(1050, 1, '/catalog/2'),
(1051, 1, '/favicon.ico'),
(1052, 1, '/catalog/2/6'),
(1053, 1, '/favicon.ico'),
(1054, 1, '/catalog/2/6'),
(1055, 1, '/favicon.ico'),
(1056, 1, '/catalog'),
(1057, 1, '/favicon.ico'),
(1058, 1, '/catalog/3'),
(1059, 1, '/favicon.ico'),
(1060, 1, '/catalog/3/19'),
(1061, 1, '/favicon.ico'),
(1062, 1, '/catalog'),
(1063, 1, '/favicon.ico'),
(1064, 1, '/catalog'),
(1065, 1, '/favicon.ico'),
(1066, 1, '/catalog/2'),
(1067, 1, '/favicon.ico'),
(1068, 1, '/catalog/2/1'),
(1069, 1, '/favicon.ico'),
(1070, 1, '/catalog/2/1'),
(1071, 1, '/favicon.ico'),
(1072, 1, '/catalog/2/1'),
(1073, 1, '/favicon.ico'),
(1074, 1, '/catalog'),
(1075, 1, '/favicon.ico'),
(1076, 1, '/catalog/2'),
(1077, 1, '/favicon.ico'),
(1078, 1, '/catalog'),
(1079, 1, '/favicon.ico'),
(1080, 1, '/catalog/2'),
(1081, 1, '/favicon.ico'),
(1082, 1, '/catalog/2/1'),
(1083, 1, '/favicon.ico'),
(1084, 1, '/catalog/2/1'),
(1085, 1, '/favicon.ico'),
(1086, 1, '/catalog'),
(1087, 1, '/favicon.ico'),
(1088, 1, '/catalog/2'),
(1089, 1, '/favicon.ico'),
(1090, 1, '/catalog/2/1'),
(1091, 1, '/favicon.ico'),
(1092, 1, '/users/logout'),
(1093, 1, '/users'),
(1094, 1, '/favicon.ico'),
(1095, 1, '/catalog'),
(1096, 1, '/catalog'),
(1097, 1, '/favicon.ico'),
(1098, 1, '/catalog/1'),
(1099, 1, '/favicon.ico'),
(1100, 1, '/catalog/1/20'),
(1101, 1, '/favicon.ico'),
(1102, 1, '/catalog'),
(1103, 1, '/favicon.ico'),
(1104, 1, '/catalog/2'),
(1105, 1, '/favicon.ico'),
(1106, 1, '/catalog/2/1'),
(1107, 1, '/favicon.ico'),
(1108, 1, '/catalog/2'),
(1109, 1, '/favicon.ico'),
(1110, 1, '/catalog/2/5'),
(1111, 1, '/favicon.ico'),
(1112, 1, '/catalog/2'),
(1113, 1, '/favicon.ico'),
(1114, 1, '/catalog/2/6'),
(1115, 1, '/favicon.ico'),
(1116, 1, '/catalog'),
(1117, 1, '/favicon.ico'),
(1118, 1, '/catalog/3'),
(1119, 1, '/favicon.ico'),
(1120, 1, '/catalog/3/19'),
(1121, 1, '/favicon.ico'),
(1122, 1, '/catalog/3/19'),
(1123, 1, '/favicon.ico'),
(1124, 1, '/favicon.ico'),
(1125, 1, '/catalog'),
(1126, 1, '/favicon.ico'),
(1127, 1, '/catalog/2'),
(1128, 1, '/favicon.ico'),
(1129, 1, '/catalog/2/1'),
(1130, 1, '/favicon.ico'),
(1131, 1, '/catalog/2/1?addGood=1'),
(1132, 1, '/favicon.ico'),
(1133, 1, '/catalog/2/1?addGood=1'),
(1134, 1, '/favicon.ico'),
(1135, 1, '/catalog/2'),
(1136, 1, '/favicon.ico'),
(1137, 1, '/catalog/2/1'),
(1138, 1, '/favicon.ico'),
(1139, 1, '/catalog/2/1?addGood=1'),
(1140, 1, '/favicon.ico'),
(1141, 1, '/catalog/2'),
(1142, 1, '/favicon.ico'),
(1143, 1, '/catalog/2/5'),
(1144, 1, '/favicon.ico'),
(1145, 1, '/catalog/2/5?addGood=5'),
(1146, 1, '/favicon.ico'),
(1147, 1, '/catalog/2/5?addGood=5'),
(1148, 1, '/favicon.ico'),
(1149, 1, '/catalog/2'),
(1150, 1, '/favicon.ico'),
(1151, 1, '/catalog/2/1'),
(1152, 1, '/favicon.ico'),
(1153, 1, '/catalog'),
(1154, 1, '/favicon.ico'),
(1155, 1, '/catalog/3'),
(1156, 1, '/favicon.ico'),
(1157, 1, '/catalog/3/19'),
(1158, 1, '/favicon.ico'),
(1159, 1, '/catalog/3/19?addGood=19'),
(1160, 1, '/favicon.ico'),
(1161, 1, '/catalog/3/19?addGood=19'),
(1162, 1, '/favicon.ico'),
(1163, 1, '/catalog/3/19?addGood=19'),
(1164, 1, '/favicon.ico'),
(1165, 1, '/catalog/3/19?addGood=19'),
(1166, 1, '/favicon.ico'),
(1167, 1, '/catalog'),
(1168, 1, '/favicon.ico'),
(1169, 1, '/catalog/2'),
(1170, 1, '/favicon.ico'),
(1171, 1, '/catalog/2/5'),
(1172, 1, '/favicon.ico'),
(1173, 1, '/catalog/2/5?addGood=5'),
(1174, 1, '/favicon.ico'),
(1175, 1, '/catalog/2'),
(1176, 1, '/favicon.ico'),
(1177, 1, '/catalog/2/1'),
(1178, 1, '/favicon.ico'),
(1179, 1, '/catalog/2/1?addGood%20=%201'),
(1180, 1, '/favicon.ico'),
(1181, 1, '/catalog/2/1?addGood%20=%201'),
(1182, 1, '/favicon.ico'),
(1183, 1, '/catalog/2/1?addGood%20=%201'),
(1184, 1, '/favicon.ico'),
(1185, 1, '/catalog/2/1?addGood%20=%201'),
(1186, 1, '/favicon.ico'),
(1187, 1, '/catalog/2'),
(1188, 1, '/favicon.ico'),
(1189, 1, '/catalog/2/5'),
(1190, 1, '/favicon.ico'),
(1191, 1, '/catalog/2/5?addGood%20=%205'),
(1192, 1, '/favicon.ico'),
(1193, 1, '/catalog'),
(1194, 1, '/favicon.ico'),
(1195, 1, '/catalog/1'),
(1196, 1, '/favicon.ico'),
(1197, 1, '/catalog/1/20'),
(1198, 1, '/favicon.ico'),
(1199, 1, '/catalog/1/20?addGood%20=%2020'),
(1200, 1, '/favicon.ico'),
(1201, 1, '/catalog'),
(1202, 1, '/favicon.ico'),
(1203, 1, '/catalog/2'),
(1204, 1, '/favicon.ico'),
(1205, 1, '/catalog/2/1'),
(1206, 1, '/favicon.ico'),
(1207, 1, '/catalog/2/1?addGood%20=%201'),
(1208, 1, '/favicon.ico'),
(1209, 1, '/catalog/2'),
(1210, 1, '/favicon.ico'),
(1211, 1, '/catalog/2/1'),
(1212, 1, '/favicon.ico'),
(1213, 1, '/catalog/2/1?addGood=1'),
(1214, 1, '/favicon.ico'),
(1215, 1, '/catalog/2/1?addGood=1'),
(1216, 1, '/favicon.ico'),
(1217, 1, '/catalog/2/1?addGood=1'),
(1218, 1, '/favicon.ico'),
(1219, 1, '/catalog/2/1?addGood=1'),
(1220, 1, '/favicon.ico'),
(1221, 1, '/catalog/2'),
(1222, 1, '/favicon.ico'),
(1223, 1, '/catalog/2/5'),
(1224, 1, '/favicon.ico'),
(1225, 1, '/catalog/2/5?addGood=5'),
(1226, 1, '/favicon.ico'),
(1227, 1, '/users/logout'),
(1228, 1, '/users'),
(1229, 1, '/favicon.ico'),
(1230, 1, '/catalog'),
(1231, 1, '/catalog'),
(1232, 1, '/favicon.ico'),
(1233, 1, '/catalog/2'),
(1234, 1, '/favicon.ico'),
(1235, 1, '/catalog/2/1'),
(1236, 1, '/favicon.ico'),
(1237, 1, '/catalog/2/1?addGood=1'),
(1238, 1, '/favicon.ico'),
(1239, 1, '/catalog/2/1?addGood=1'),
(1240, 1, '/favicon.ico'),
(1241, 1, '/catalog/2/1?addGood=1'),
(1242, 1, '/favicon.ico'),
(1243, 1, '/catalog'),
(1244, 1, '/favicon.ico'),
(1245, 1, '/catalog/3'),
(1246, 1, '/favicon.ico'),
(1247, 1, '/catalog/3/19'),
(1248, 1, '/favicon.ico'),
(1249, 1, '/catalog/3/19?addGood=19'),
(1250, 1, '/favicon.ico'),
(1251, 1, '/basket'),
(1252, 1, '/favicon.ico'),
(1253, 1, '/users/logout'),
(1254, 1, '/users'),
(1255, 1, '/favicon.ico'),
(1256, 1, '/catalog'),
(1257, 1, '/favicon.ico'),
(1258, 1, '/catalog/2'),
(1259, 1, '/favicon.ico'),
(1260, 1, '/catalog/2/1'),
(1261, 1, '/favicon.ico'),
(1262, 1, '/catalog/2/1?addGood=1'),
(1263, 1, '/favicon.ico'),
(1264, 1, '/catalog/2/1?addGood=1'),
(1265, 1, '/favicon.ico'),
(1266, 1, '/basket'),
(1267, 1, '/favicon.ico'),
(1268, 1, '/basket'),
(1269, 1, '/favicon.ico'),
(1270, 1, '/basket'),
(1271, 1, '/favicon.ico'),
(1272, 1, '/catalog/2/1?addGood=1'),
(1273, 1, '/favicon.ico'),
(1274, 1, '/catalog/2'),
(1275, 1, '/favicon.ico'),
(1276, 1, '/catalog/2/6'),
(1277, 1, '/favicon.ico'),
(1278, 1, '/catalog/2/6?addGood=6'),
(1279, 1, '/favicon.ico'),
(1280, 1, '/basket'),
(1281, 1, '/favicon.ico'),
(1282, 1, '/basket'),
(1283, 1, '/favicon.ico'),
(1284, 1, '/basket'),
(1285, 1, '/favicon.ico'),
(1286, 1, '/basket'),
(1287, 1, '/favicon.ico'),
(1288, 1, '/basket'),
(1289, 1, '/favicon.ico'),
(1290, 1, '/catalog/2/6?addGood=6'),
(1291, 1, '/favicon.ico'),
(1292, 1, '/catalog/2'),
(1293, 1, '/favicon.ico'),
(1294, 1, '/catalog/2/5'),
(1295, 1, '/favicon.ico'),
(1296, 1, '/catalog/2/5?addGood=5'),
(1297, 1, '/favicon.ico'),
(1298, 1, '/basket'),
(1299, 1, '/favicon.ico'),
(1300, 1, '/basket'),
(1301, 1, '/favicon.ico'),
(1302, 1, '/basket'),
(1303, 1, '/favicon.ico'),
(1304, 1, '/catalog/2/5?addGood=5'),
(1305, 1, '/favicon.ico'),
(1306, 1, '/users/logout'),
(1307, 1, '/users'),
(1308, 1, '/favicon.ico'),
(1309, 1, '/catalog'),
(1310, 1, '/catalog'),
(1311, 1, '/favicon.ico'),
(1312, 1, '/catalog/2'),
(1313, 1, '/favicon.ico'),
(1314, 1, '/catalog/2/1'),
(1315, 1, '/favicon.ico'),
(1316, 1, '/catalog/2/1?addGood=1'),
(1317, 1, '/favicon.ico'),
(1318, 1, '/basket'),
(1319, 1, '/favicon.ico'),
(1320, 1, '/basket'),
(1321, 1, '/favicon.ico'),
(1322, 1, '/basket'),
(1323, 1, '/favicon.ico'),
(1324, 1, '/catalog/2/1?addGood=1'),
(1325, 1, '/favicon.ico'),
(1326, 1, '/basket'),
(1327, 1, '/favicon.ico'),
(1328, 1, '/basket'),
(1329, 1, '/'),
(1330, 1, '/favicon.ico'),
(1331, 1, '/favicon.ico'),
(1332, 1, '/basket'),
(1333, 1, '/favicon.ico'),
(1334, 1, '/basket'),
(1335, 1, '/favicon.ico'),
(1336, 1, '/basket'),
(1337, 1, '/favicon.ico'),
(1338, 1, '/basket'),
(1339, 1, '/favicon.ico'),
(1340, 1, '/basket'),
(1341, 1, '/favicon.ico'),
(1342, 1, '/catalog/2/1?addGood=1'),
(1343, 1, '/favicon.ico'),
(1344, 1, '/basket'),
(1345, 1, '/favicon.ico'),
(1346, 1, '/catalog/2/1?addGood=1'),
(1347, 1, '/favicon.ico'),
(1348, 1, '/basket'),
(1349, 1, '/favicon.ico'),
(1350, 1, '/catalog/2/1?addGood=1'),
(1351, 1, '/favicon.ico'),
(1352, 1, '/users/logout'),
(1353, 1, '/users'),
(1354, 1, '/favicon.ico'),
(1355, 1, '/catalog'),
(1356, 1, '/catalog'),
(1357, 1, '/favicon.ico'),
(1358, 1, '/catalog/2'),
(1359, 1, '/favicon.ico'),
(1360, 1, '/catalog/2/5'),
(1361, 1, '/favicon.ico'),
(1362, 1, '/catalog/2/5?addGood=5'),
(1363, 1, '/favicon.ico'),
(1364, 1, '/catalog/2'),
(1365, 1, '/favicon.ico'),
(1366, 1, '/catalog/2/6'),
(1367, 1, '/favicon.ico'),
(1368, 1, '/catalog/2/6?addGood=6'),
(1369, 1, '/favicon.ico'),
(1370, 1, '/catalog/2'),
(1371, 1, '/favicon.ico'),
(1372, 1, '/catalog/2/1'),
(1373, 1, '/favicon.ico'),
(1374, 1, '/catalog/2/1?addGood=1'),
(1375, 1, '/favicon.ico'),
(1376, 1, '/basket'),
(1377, 1, '/favicon.ico'),
(1378, 1, '/basket'),
(1379, 1, '/favicon.ico'),
(1380, 1, '/catalog/2/1?addGood=1'),
(1381, 1, '/favicon.ico'),
(1382, 1, '/basket'),
(1383, 1, '/favicon.ico'),
(1384, 1, '/catalog/2/1?addGood=1'),
(1385, 1, '/favicon.ico'),
(1386, 1, '/basket'),
(1387, 1, '/favicon.ico'),
(1388, 1, '/basket'),
(1389, 1, '/favicon.ico'),
(1390, 1, '/catalog/2/1?addGood=1'),
(1391, 1, '/favicon.ico'),
(1392, 1, '/basket'),
(1393, 1, '/favicon.ico'),
(1394, 1, '/catalog/2/1?addGood=1'),
(1395, 1, '/favicon.ico'),
(1396, 1, '/basket'),
(1397, 1, '/favicon.ico'),
(1398, 1, '/catalog/2/1?addGood=1'),
(1399, 1, '/favicon.ico'),
(1400, 1, '/catalog/2'),
(1401, 1, '/favicon.ico'),
(1402, 1, '/catalog/2'),
(1403, 1, '/favicon.ico'),
(1404, 1, '/users/logout'),
(1405, 1, '/users'),
(1406, 1, '/favicon.ico'),
(1407, 1, '/catalog'),
(1408, 1, '/catalog'),
(1409, 1, '/favicon.ico'),
(1410, 1, '/catalog/1'),
(1411, 1, '/favicon.ico'),
(1412, 1, '/catalog/1/20'),
(1413, 1, '/favicon.ico'),
(1414, 1, '/catalog/1/20?addGood=20'),
(1415, 1, '/favicon.ico'),
(1416, 1, '/basket'),
(1417, 1, '/favicon.ico'),
(1418, 1, '/catalog/1/20?addGood=20'),
(1419, 1, '/favicon.ico'),
(1420, 1, '/basket'),
(1421, 1, '/favicon.ico'),
(1422, 1, '/catalog/1/20?addGood=20'),
(1423, 1, '/favicon.ico'),
(1424, 1, '/catalog/1/20?addGood=20'),
(1425, 1, '/favicon.ico'),
(1426, 1, '/catalog'),
(1427, 1, '/favicon.ico'),
(1428, 1, '/users/logout'),
(1429, 1, '/users'),
(1430, 1, '/favicon.ico'),
(1431, 1, '/catalog'),
(1432, 1, '/favicon.ico'),
(1433, 1, '/catalog/2'),
(1434, 1, '/favicon.ico'),
(1435, 1, '/catalog/2/1'),
(1436, 1, '/favicon.ico'),
(1437, 1, '/catalog/2/1?addGood=1'),
(1438, 1, '/catalog'),
(1439, 1, '/favicon.ico'),
(1440, 1, '/basket'),
(1441, 1, '/favicon.ico'),
(1442, 1, '/catalog'),
(1443, 1, '/favicon.ico'),
(1444, 1, '/catalog/3'),
(1445, 1, '/favicon.ico'),
(1446, 1, '/catalog/3/19'),
(1447, 1, '/favicon.ico'),
(1448, 1, '/catalog/3/19?addGood=19'),
(1449, 1, '/catalog'),
(1450, 1, '/favicon.ico'),
(1451, 1, '/basket'),
(1452, 1, '/favicon.ico'),
(1453, 1, '/basket'),
(1454, 1, '/favicon.ico'),
(1455, 1, '/catalog'),
(1456, 1, '/favicon.ico'),
(1457, 1, '/basket'),
(1458, 1, '/favicon.ico'),
(1459, 1, '/basket'),
(1460, 1, '/favicon.ico'),
(1461, 1, '/catalog'),
(1462, 1, '/favicon.ico'),
(1463, 1, '/basket'),
(1464, 1, '/favicon.ico'),
(1465, 1, '/catalog'),
(1466, 1, '/favicon.ico'),
(1467, 1, '/basket'),
(1468, 1, '/favicon.ico'),
(1469, 1, '/basket'),
(1470, 1, '/favicon.ico'),
(1471, 1, '/catalog'),
(1472, 1, '/favicon.ico'),
(1473, 1, '/catalog/2'),
(1474, 1, '/favicon.ico'),
(1475, 1, '/catalog/2/1'),
(1476, 1, '/favicon.ico'),
(1477, 1, '/catalog/2/1?addGood=1'),
(1478, 1, '/catalog'),
(1479, 1, '/favicon.ico'),
(1480, 1, '/basket'),
(1481, 1, '/favicon.ico'),
(1482, 1, '/basket'),
(1483, 1, '/favicon.ico'),
(1484, 1, '/basket'),
(1485, 1, '/favicon.ico'),
(1486, 1, '/basket'),
(1487, 1, '/favicon.ico'),
(1488, 1, '/basket'),
(1489, 1, '/favicon.ico'),
(1490, 1, '/basket'),
(1491, 1, '/favicon.ico'),
(1492, 1, '/basket'),
(1493, 1, '/favicon.ico'),
(1494, 1, '/catalog'),
(1495, 1, '/favicon.ico'),
(1496, 1, '/basket'),
(1497, 1, '/favicon.ico'),
(1498, 1, '/basket'),
(1499, 1, '/favicon.ico'),
(1500, 1, '/basket'),
(1501, 1, '/favicon.ico'),
(1502, 1, '/basket'),
(1503, 1, '/favicon.ico'),
(1504, 1, '/catalog'),
(1505, 1, '/favicon.ico'),
(1506, 1, '/catalog/1'),
(1507, 1, '/favicon.ico'),
(1508, 1, '/catalog/1/20'),
(1509, 1, '/favicon.ico'),
(1510, 1, '/catalog/1/20?addGood=20'),
(1511, 1, '/catalog'),
(1512, 1, '/favicon.ico'),
(1513, 1, '/basket'),
(1514, 1, '/favicon.ico'),
(1515, 1, '/basket'),
(1516, 1, '/favicon.ico'),
(1517, 1, '/basket'),
(1518, 1, '/favicon.ico'),
(1519, 1, '/catalog'),
(1520, 1, '/favicon.ico'),
(1521, 1, '/users/logout'),
(1522, 1, '/users'),
(1523, 1, '/favicon.ico'),
(1524, 1, '/catalog'),
(1525, 1, '/catalog'),
(1526, 1, '/favicon.ico'),
(1527, 1, '/catalog/2'),
(1528, 1, '/favicon.ico'),
(1529, 1, '/catalog/2/5'),
(1530, 1, '/favicon.ico'),
(1531, 1, '/catalog/2/5?addGood=5'),
(1532, 1, '/catalog'),
(1533, 1, '/favicon.ico'),
(1534, 1, '/catalog/3'),
(1535, 1, '/favicon.ico'),
(1536, 1, '/catalog/3/19'),
(1537, 1, '/favicon.ico'),
(1538, 1, '/catalog/3/19?addGood=19'),
(1539, 1, '/catalog'),
(1540, 1, '/favicon.ico'),
(1541, 1, '/basket'),
(1542, 1, '/favicon.ico'),
(1543, 1, '/basket'),
(1544, 1, '/favicon.ico'),
(1545, 1, '/basket'),
(1546, 1, '/favicon.ico'),
(1547, 1, '/basket'),
(1548, 1, '/favicon.ico'),
(1549, 1, '/catalog/3/19'),
(1550, 1, '/favicon.ico'),
(1551, 1, '/basket'),
(1552, 1, '/favicon.ico'),
(1553, 1, '/catalog/2/5'),
(1554, 1, '/favicon.ico'),
(1555, 1, '/catalog/2/5?addGood=5'),
(1556, 1, '/catalog'),
(1557, 1, '/favicon.ico'),
(1558, 1, '/basket'),
(1559, 1, '/favicon.ico'),
(1560, 1, '/basket'),
(1561, 1, '/favicon.ico'),
(1562, 1, '/catalog/2/5'),
(1563, 1, '/favicon.ico'),
(1564, 1, '/catalog/2'),
(1565, 1, '/favicon.ico'),
(1566, 1, '/catalog/2/5'),
(1567, 1, '/favicon.ico'),
(1568, 1, '/catalog/2/5?addGood=5'),
(1569, 1, '/catalog'),
(1570, 1, '/favicon.ico'),
(1571, 1, '/basket'),
(1572, 1, '/favicon.ico'),
(1573, 1, '/catalog/2/5'),
(1574, 1, '/favicon.ico'),
(1575, 1, '/catalog/2/5?addGood=5'),
(1576, 1, '/favicon.ico'),
(1577, 1, '/catalog/2/5?addGood=5'),
(1578, 1, '/favicon.ico'),
(1579, 1, '/catalog/2/5'),
(1580, 1, '/favicon.ico'),
(1581, 1, '/users/logout'),
(1582, 1, '/users'),
(1583, 1, '/favicon.ico'),
(1584, 1, '/catalog'),
(1585, 1, '/catalog'),
(1586, 1, '/favicon.ico'),
(1587, 1, '/catalog/2'),
(1588, 1, '/favicon.ico'),
(1589, 1, '/catalog/2/1'),
(1590, 1, '/favicon.ico'),
(1591, 1, '/catalog/2/1?addGood=1'),
(1592, 1, '/$uri'),
(1593, 1, '/favicon.ico'),
(1594, 1, '/catalog/2/1'),
(1595, 1, '/favicon.ico'),
(1596, 1, '/catalog/2/1?addGood=1'),
(1597, 1, '/catalog/2/Array'),
(1598, 1, '/favicon.ico'),
(1599, 1, '/users/logout'),
(1600, 1, '/users'),
(1601, 1, '/favicon.ico'),
(1602, 1, '/catalog'),
(1603, 1, '/favicon.ico'),
(1604, 1, '/catalog/2'),
(1605, 1, '/favicon.ico'),
(1606, 1, '/catalog/2/5'),
(1607, 1, '/favicon.ico'),
(1608, 1, '/catalog/2/5?addGood=5'),
(1609, 1, '/catalog/2/Array'),
(1610, 1, '/favicon.ico'),
(1611, 1, '/basket'),
(1612, 1, '/favicon.ico'),
(1613, 1, '/catalog/2/Array'),
(1614, 1, '/favicon.ico'),
(1615, 1, '/catalog/2/1'),
(1616, 1, '/favicon.ico'),
(1617, 1, '/catalog/2/1?addGood=1'),
(1618, 1, '/catalog/2/Array'),
(1619, 1, '/favicon.ico'),
(1620, 1, '/catalog/2/1'),
(1621, 1, '/favicon.ico'),
(1622, 1, '/catalog/2'),
(1623, 1, '/favicon.ico'),
(1624, 1, '/catalog/2/1'),
(1625, 1, '/favicon.ico'),
(1626, 1, '/catalog/2/1?addGood=1'),
(1627, 1, '/favicon.ico'),
(1628, 1, '/catalog/2/1?addGood=1'),
(1629, 1, '/favicon.ico'),
(1630, 1, '/catalog/2'),
(1631, 1, '/favicon.ico'),
(1632, 1, '/catalog/2/5'),
(1633, 1, '/favicon.ico'),
(1634, 1, '/catalog/2/5?addGood=5'),
(1635, 1, '/catalog/2/5'),
(1636, 1, '/favicon.ico'),
(1637, 1, '/catalog/2/5?addGood=5'),
(1638, 1, '/catalog/2/5'),
(1639, 1, '/favicon.ico'),
(1640, 1, '/basket'),
(1641, 1, '/favicon.ico'),
(1642, 1, '/catalog/2/5'),
(1643, 1, '/favicon.ico'),
(1644, 1, '/catalog/2'),
(1645, 1, '/favicon.ico'),
(1646, 1, '/catalog/2/1'),
(1647, 1, '/favicon.ico'),
(1648, 1, '/catalog/2/1?addGood=1'),
(1649, 1, '/favicon.ico'),
(1650, 1, '/catalog/2/1?addGood=1'),
(1651, 1, '/favicon.ico'),
(1652, 1, '/catalog/2/1'),
(1653, 1, '/favicon.ico'),
(1654, 1, '/catalog/2/1?addGood=1'),
(1655, 1, '/favicon.ico'),
(1656, 1, '/users/logout'),
(1657, 1, '/users'),
(1658, 1, '/favicon.ico'),
(1659, 1, '/catalog'),
(1660, 1, '/catalog'),
(1661, 1, '/favicon.ico'),
(1662, 1, '/catalog/2'),
(1663, 1, '/favicon.ico'),
(1664, 1, '/catalog/2/1'),
(1665, 1, '/favicon.ico'),
(1666, 1, '/catalog/2/1?addGood=1'),
(1667, 1, '/catalog/2/1'),
(1668, 1, '/favicon.ico'),
(1669, 1, '/basket'),
(1670, 1, '/favicon.ico'),
(1671, 1, '/catalog/2/1'),
(1672, 1, '/favicon.ico'),
(1673, 1, '/catalog/2/1'),
(1674, 1, '/'),
(1675, 1, '/favicon.ico'),
(1676, 1, '/basket'),
(1677, 1, '/favicon.ico'),
(1678, 1, '/order'),
(1679, 1, '/favicon.ico'),
(1680, 1, '/basket'),
(1681, 1, '/favicon.ico'),
(1682, 1, '/catalog/2/1'),
(1683, 1, '/favicon.ico'),
(1684, 1, '/users/logout'),
(1685, 1, '/users'),
(1686, 1, '/favicon.ico'),
(1687, 1, '/users/logout'),
(1688, 1, '/users'),
(1689, 1, '/favicon.ico'),
(1690, 1, '/catalog'),
(1691, 1, '/catalog'),
(1692, 1, '/favicon.ico'),
(1693, 1, '/basket'),
(1694, 1, '/favicon.ico'),
(1695, 1, '/order'),
(1696, 1, '/favicon.ico'),
(1697, 1, '/order'),
(1698, 1, '/favicon.ico'),
(1699, 1, '/order'),
(1700, 1, '/favicon.ico'),
(1701, 1, '/order'),
(1702, 1, '/favicon.ico'),
(1703, 1, '/order'),
(1704, 1, '/favicon.ico'),
(1705, 1, '/order'),
(1706, 1, '/favicon.ico'),
(1707, 1, '/order'),
(1708, 1, '/favicon.ico'),
(1709, 1, '/basket'),
(1710, 1, '/favicon.ico'),
(1711, 1, '/basket'),
(1712, 1, '/favicon.ico'),
(1713, 1, '/order'),
(1714, 1, '/favicon.ico'),
(1715, 1, '/order'),
(1716, 1, '/favicon.ico'),
(1717, 1, '/order'),
(1718, 1, '/favicon.ico'),
(1719, 1, '/order'),
(1720, 1, '/favicon.ico'),
(1721, 1, '/order'),
(1722, 1, '/favicon.ico'),
(1723, 1, '/basket'),
(1724, 1, '/favicon.ico'),
(1725, 1, '/order'),
(1726, 1, '/favicon.ico'),
(1727, 1, '/order'),
(1728, 1, '/favicon.ico'),
(1729, 1, '/basket'),
(1730, 1, '/favicon.ico'),
(1731, 1, '/order'),
(1732, 1, '/favicon.ico'),
(1733, 1, '/users/logout'),
(1734, 1, '/users'),
(1735, 1, '/favicon.ico'),
(1736, 1, '/catalog'),
(1737, 1, '/catalog'),
(1738, 1, '/favicon.ico'),
(1739, 1, '/catalog/2'),
(1740, 1, '/favicon.ico'),
(1741, 1, '/catalog/2/1'),
(1742, 1, '/favicon.ico'),
(1743, 1, '/catalog/2/1?addGood=1'),
(1744, 1, '/catalog/2/1'),
(1745, 1, '/favicon.ico'),
(1746, 1, '/basket'),
(1747, 1, '/favicon.ico'),
(1748, 1, '/order'),
(1749, 1, '/favicon.ico'),
(1750, 1, '/basket'),
(1751, 1, '/favicon.ico'),
(1752, 1, '/basket'),
(1753, 1, '/favicon.ico'),
(1754, 1, '/order'),
(1755, 1, '/favicon.ico'),
(1756, 1, '/users/logout'),
(1757, 1, '/users'),
(1758, 1, '/favicon.ico'),
(1759, 1, '/basket'),
(1760, 1, '/favicon.ico'),
(1761, 1, '/order'),
(1762, 1, '/favicon.ico'),
(1763, 1, '/catalog'),
(1764, 1, '/catalog'),
(1765, 1, '/favicon.ico'),
(1766, 1, '/catalog/2'),
(1767, 1, '/favicon.ico'),
(1768, 1, '/catalog/2/5'),
(1769, 1, '/favicon.ico'),
(1770, 1, '/catalog/2/5?addGood=5'),
(1771, 1, '/catalog/2/5'),
(1772, 1, '/favicon.ico'),
(1773, 1, '/basket'),
(1774, 1, '/favicon.ico'),
(1775, 1, '/order'),
(1776, 1, '/favicon.ico'),
(1777, 1, '/order'),
(1778, 1, '/favicon.ico'),
(1779, 1, '/users/logout'),
(1780, 1, '/users'),
(1781, 1, '/favicon.ico'),
(1782, 1, '/basket'),
(1783, 1, '/favicon.ico'),
(1784, 1, '/order'),
(1785, 1, '/favicon.ico'),
(1786, 1, '/users/logout'),
(1787, 1, '/users'),
(1788, 1, '/favicon.ico'),
(1789, 1, '/basket'),
(1790, 1, '/favicon.ico'),
(1791, 1, '/order'),
(1792, 1, '/favicon.ico'),
(1793, 1, '/basket'),
(1794, 1, '/favicon.ico'),
(1795, 1, '/catalog'),
(1796, 1, '/catalog'),
(1797, 1, '/favicon.ico'),
(1798, 1, '/catalog/1'),
(1799, 1, '/favicon.ico'),
(1800, 1, '/catalog/1/20'),
(1801, 1, '/favicon.ico'),
(1802, 1, '/catalog/1/20?addGood=20'),
(1803, 1, '/catalog/1/20'),
(1804, 1, '/favicon.ico'),
(1805, 1, '/basket'),
(1806, 1, '/favicon.ico'),
(1807, 1, '/order'),
(1808, 1, '/favicon.ico'),
(1809, 1, '/users/logout'),
(1810, 1, '/users'),
(1811, 1, '/favicon.ico'),
(1812, 1, '/basket'),
(1813, 1, '/favicon.ico'),
(1814, 1, '/order'),
(1815, 1, '/favicon.ico'),
(1816, 1, '/catalog'),
(1817, 1, '/favicon.ico'),
(1818, 1, '/catalog/2'),
(1819, 1, '/favicon.ico'),
(1820, 1, '/catalog/2/1'),
(1821, 1, '/favicon.ico'),
(1822, 1, '/catalog/2/1?addGood=1'),
(1823, 1, '/catalog/2/1'),
(1824, 1, '/favicon.ico'),
(1825, 1, '/basket'),
(1826, 1, '/favicon.ico'),
(1827, 1, '/order'),
(1828, 1, '/favicon.ico'),
(1829, 1, '/order'),
(1830, 1, '/favicon.ico'),
(1831, 1, '/users/logout'),
(1832, 1, '/users'),
(1833, 1, '/favicon.ico'),
(1834, 1, '/basket'),
(1835, 1, '/favicon.ico'),
(1836, 1, '/order'),
(1837, 1, '/favicon.ico'),
(1838, 1, '/users/logout'),
(1839, 1, '/users'),
(1840, 1, '/favicon.ico'),
(1841, 1, '/basket'),
(1842, 1, '/favicon.ico'),
(1843, 1, '/order'),
(1844, 1, '/favicon.ico'),
(1845, 1, '/users/logout'),
(1846, 1, '/users'),
(1847, 1, '/favicon.ico'),
(1848, 1, '/catalog'),
(1849, 1, '/catalog'),
(1850, 1, '/favicon.ico'),
(1851, 1, '/catalog/1'),
(1852, 1, '/favicon.ico'),
(1853, 1, '/catalog/1/20'),
(1854, 1, '/favicon.ico'),
(1855, 1, '/catalog/1/20?addGood=20'),
(1856, 1, '/catalog/1/20'),
(1857, 1, '/favicon.ico'),
(1858, 1, '/basket'),
(1859, 1, '/favicon.ico'),
(1860, 1, '/order'),
(1861, 1, '/favicon.ico'),
(1862, 1, '/users/logout'),
(1863, 1, '/users'),
(1864, 1, '/favicon.ico'),
(1865, 1, '/basket'),
(1866, 1, '/favicon.ico'),
(1867, 1, '/order'),
(1868, 1, '/favicon.ico'),
(1869, 1, '/order'),
(1870, 1, '/favicon.ico'),
(1871, 1, '/catalog'),
(1872, 1, '/favicon.ico'),
(1873, 1, '/catalog/2'),
(1874, 1, '/favicon.ico'),
(1875, 1, '/catalog/2/1'),
(1876, 1, '/favicon.ico'),
(1877, 1, '/catalog/2/1'),
(1878, 1, '/'),
(1879, 1, '/favicon.ico'),
(1880, 1, '/users/logout'),
(1881, 1, '/users'),
(1882, 1, '/favicon.ico'),
(1883, 1, '/catalog'),
(1884, 1, '/catalog'),
(1885, 1, '/favicon.ico'),
(1886, 1, '/catalog/2'),
(1887, 1, '/favicon.ico'),
(1888, 1, '/catalog/2/5'),
(1889, 1, '/favicon.ico'),
(1890, 1, '/catalog/2/5?addGood=5'),
(1891, 1, '/catalog/2/5'),
(1892, 1, '/favicon.ico'),
(1893, 1, '/catalog'),
(1894, 1, '/favicon.ico'),
(1895, 1, '/catalog/1'),
(1896, 1, '/favicon.ico'),
(1897, 1, '/catalog/1/20'),
(1898, 1, '/favicon.ico'),
(1899, 1, '/catalog/1/20?addGood=20'),
(1900, 1, '/catalog/1/20'),
(1901, 1, '/favicon.ico'),
(1902, 1, '/basket'),
(1903, 1, '/favicon.ico'),
(1904, 1, '/catalog/2/5'),
(1905, 1, '/favicon.ico'),
(1906, 1, '/catalog/2'),
(1907, 1, '/favicon.ico'),
(1908, 1, '/catalog/2/1'),
(1909, 1, '/favicon.ico'),
(1910, 1, '/catalog/2/1?addGood=1'),
(1911, 1, '/catalog/2/1'),
(1912, 1, '/favicon.ico'),
(1913, 1, '/basket'),
(1914, 1, '/favicon.ico'),
(1915, 1, '/order'),
(1916, 1, '/favicon.ico'),
(1917, 1, '/order'),
(1918, 1, '/favicon.ico'),
(1919, 1, '/catalog'),
(1920, 1, '/favicon.ico'),
(1921, 1, '/catalog/2'),
(1922, 1, '/favicon.ico'),
(1923, 1, '/catalog/2/1'),
(1924, 1, '/favicon.ico'),
(1925, 1, '/catalog/2/1?addGood=1'),
(1926, 1, '/catalog/2/1'),
(1927, 1, '/favicon.ico'),
(1928, 1, '/users/logout'),
(1929, 1, '/users'),
(1930, 1, '/favicon.ico'),
(1931, 1, '/catalog'),
(1932, 1, '/catalog'),
(1933, 1, '/favicon.ico'),
(1934, 1, '/catalog/2'),
(1935, 1, '/favicon.ico'),
(1936, 1, '/catalog/2/1'),
(1937, 1, '/favicon.ico'),
(1938, 1, '/catalog/2/1?addGood=1'),
(1939, 1, '/catalog/2/1'),
(1940, 1, '/favicon.ico'),
(1941, 1, '/catalog/2/1?addGood=1'),
(1942, 1, '/catalog/2/1'),
(1943, 1, '/favicon.ico'),
(1944, 1, '/catalog'),
(1945, 1, '/favicon.ico'),
(1946, 1, '/catalog/3'),
(1947, 1, '/favicon.ico'),
(1948, 1, '/catalog/3/19'),
(1949, 1, '/favicon.ico'),
(1950, 1, '/catalog/3/19?addGood=19'),
(1951, 1, '/catalog/3/19'),
(1952, 1, '/favicon.ico'),
(1953, 1, '/basket'),
(1954, 1, '/favicon.ico'),
(1955, 1, '/order'),
(1956, 1, '/favicon.ico'),
(1957, 1, '/catalog'),
(1958, 1, '/favicon.ico'),
(1959, 1, '/basket'),
(1960, 1, '/favicon.ico'),
(1961, 1, '/order'),
(1962, 1, '/favicon.ico'),
(1963, 1, '/catalog'),
(1964, 1, '/favicon.ico'),
(1965, 1, '/users/logout'),
(1966, 4, '/users'),
(1967, 4, '/favicon.ico'),
(1968, 4, '/users/logout'),
(1969, 1, '/users'),
(1970, 1, '/favicon.ico'),
(1971, 1, '/users'),
(1972, 1, '/favicon.ico'),
(1973, 1, '/users'),
(1974, 1, '/favicon.ico'),
(1975, 1, '/users'),
(1976, 1, '/favicon.ico'),
(1977, 1, '/users/logout'),
(1978, 1, '/users'),
(1979, 1, '/favicon.ico'),
(1980, 1, '/users/logout'),
(1981, 1, '/users'),
(1982, 1, '/favicon.ico'),
(1983, 1, '/users'),
(1984, 1, '/favicon.ico'),
(1985, 1, '/users'),
(1986, 1, '/favicon.ico'),
(1987, 1, '/users'),
(1988, 1, '/favicon.ico'),
(1989, 1, '/users'),
(1990, 1, '/favicon.ico'),
(1991, 1, '/users'),
(1992, 1, '/favicon.ico'),
(1993, 1, '/users'),
(1994, 1, '/favicon.ico'),
(1995, 1, '/users'),
(1996, 1, '/favicon.ico'),
(1997, 1, '/users'),
(1998, 1, '/favicon.ico'),
(1999, 1, '/users'),
(2000, 1, '/favicon.ico'),
(2001, 1, '/users'),
(2002, 1, '/favicon.ico'),
(2003, 1, '/users'),
(2004, 1, '/favicon.ico'),
(2005, 1, '/users'),
(2006, 1, '/favicon.ico'),
(2007, 1, '/users'),
(2008, 1, '/favicon.ico'),
(2009, 1, '/users/logout'),
(2010, 1, '/users'),
(2011, 1, '/favicon.ico'),
(2012, 1, '/users'),
(2013, 1, '/favicon.ico'),
(2014, 1, '/users'),
(2015, 1, '/favicon.ico'),
(2016, 1, '/users'),
(2017, 1, '/favicon.ico'),
(2018, 1, '/users'),
(2019, 1, '/favicon.ico'),
(2020, 1, '/users'),
(2021, 1, '/favicon.ico'),
(2022, 1, '/users'),
(2023, 1, '/favicon.ico'),
(2024, 1, '/users'),
(2025, 1, '/favicon.ico'),
(2026, 1, '/users'),
(2027, 1, '/favicon.ico'),
(2028, 1, '/users'),
(2029, 1, '/favicon.ico'),
(2030, 1, '/users'),
(2031, 1, '/favicon.ico'),
(2032, 1, '/us'),
(2033, 1, '/favicon.ico'),
(2034, 1, '/users/logout'),
(2035, 1, '/users'),
(2036, 1, '/favicon.ico'),
(2037, 1, '/'),
(2038, 1, '/favicon.ico'),
(2039, 1, '/'),
(2040, 1, '/favicon.ico'),
(2041, 1, '/'),
(2042, 1, '/favicon.ico'),
(2043, 1, '/'),
(2044, 1, '/favicon.ico'),
(2045, 1, '/'),
(2046, 1, '/favicon.ico'),
(2047, 1, '/'),
(2048, 1, '/favicon.ico'),
(2049, 1, '/'),
(2050, 1, '/favicon.ico'),
(2051, 1, '/'),
(2052, 1, '/favicon.ico'),
(2053, 1, '/'),
(2054, 1, '/favicon.ico'),
(2055, 1, '/'),
(2056, 1, '/favicon.ico'),
(2057, 1, '/'),
(2058, 1, '/favicon.ico'),
(2059, 1, '/'),
(2060, 1, '/favicon.ico'),
(2061, 1, '/'),
(2062, 1, '/favicon.ico'),
(2063, 1, '/'),
(2064, 1, '/favicon.ico'),
(2065, 1, '/'),
(2066, 1, '/favicon.ico'),
(2067, 1, '/users/logout'),
(2068, 1, '/users'),
(2069, 1, '/favicon.ico'),
(2070, 1, '/'),
(2071, 1, '/favicon.ico'),
(2072, 1, '/'),
(2073, 1, '/favicon.ico'),
(2074, 1, '/'),
(2075, 1, '/favicon.ico'),
(2076, 1, '/users/logout'),
(2077, 3, '/users'),
(2078, 3, '/favicon.ico'),
(2079, 3, '/'),
(2080, 3, '/favicon.ico'),
(2081, 3, '/'),
(2082, 3, '/favicon.ico'),
(2083, 3, '/'),
(2084, 3, '/favicon.ico'),
(2085, 3, '/'),
(2086, 3, '/favicon.ico'),
(2087, 3, '/users/logout'),
(2088, 1, '/users'),
(2089, 1, '/favicon.ico'),
(2090, 1, '/'),
(2091, 1, '/favicon.ico'),
(2092, 1, '/'),
(2093, 1, '/favicon.ico'),
(2094, 1, '/users/logout'),
(2095, 3, '/users'),
(2096, 3, '/favicon.ico'),
(2097, 3, '/'),
(2098, 3, '/favicon.ico'),
(2099, 3, '/'),
(2100, 3, '/favicon.ico'),
(2101, 3, '/users/logout'),
(2102, 2, '/users'),
(2103, 2, '/favicon.ico'),
(2104, 2, '/'),
(2105, 2, '/favicon.ico'),
(2106, 2, '/users/logout'),
(2107, 1, '/users'),
(2108, 1, '/favicon.ico'),
(2109, 1, '/'),
(2110, 1, '/favicon.ico'),
(2111, 1, '/');
INSERT INTO `history` (`id`, `user_id`, `url`) VALUES
(2112, 1, '/favicon.ico'),
(2113, 1, '/users/logout'),
(2114, 1, '/users'),
(2115, 1, '/favicon.ico'),
(2116, 1, '/'),
(2117, 1, '/favicon.ico'),
(2118, 1, '/'),
(2119, 1, '/favicon.ico'),
(2120, 1, '/users/logout'),
(2121, 2, '/users'),
(2122, 2, '/favicon.ico'),
(2123, 2, '/'),
(2124, 2, '/favicon.ico'),
(2125, 2, '/admin'),
(2126, 2, '/favicon.ico'),
(2127, 2, '/users/logout'),
(2128, 2, '/users'),
(2129, 2, '/favicon.ico'),
(2130, 2, '/admin'),
(2131, 2, '/login'),
(2132, 2, '/favicon.ico'),
(2133, 2, '/users/logout'),
(2134, 3, '/users'),
(2135, 3, '/favicon.ico'),
(2136, 3, '/admin'),
(2137, 3, '/favicon.ico'),
(2138, 3, '/'),
(2139, 3, '/favicon.ico'),
(2140, 3, '/users/logout'),
(2141, 3, '/users'),
(2142, 3, '/favicon.ico'),
(2143, 3, '/admin'),
(2144, 3, '/favicon.ico'),
(2145, 3, '/ad'),
(2146, 3, '/favicon.ico'),
(2147, 3, '/users/logout'),
(2148, 1, '/users'),
(2149, 1, '/favicon.ico'),
(2150, 1, '/admin'),
(2151, 1, '/admin'),
(2152, 1, '/favicon.ico'),
(2153, 1, '/admin'),
(2154, 1, '/favicon.ico'),
(2155, 1, '/admin'),
(2156, 1, '/favicon.ico'),
(2157, 1, '/admin'),
(2158, 1, '/favicon.ico'),
(2159, 1, '/ad'),
(2160, 1, '/favicon.ico'),
(2161, 1, '/users/logout'),
(2162, 1, '/users'),
(2163, 1, '/favicon.ico'),
(2164, 1, '/admin'),
(2165, 1, '/favicon.ico'),
(2166, 1, '/ad'),
(2167, 1, '/favicon.ico'),
(2168, 1, '/users/logout'),
(2169, 3, '/users'),
(2170, 3, '/favicon.ico'),
(2171, 3, '/admin'),
(2172, 3, '/login'),
(2173, 3, '/favicon.ico'),
(2174, 3, '/users/login'),
(2175, 2, '/users'),
(2176, 2, '/favicon.ico'),
(2177, 2, '/admin'),
(2178, 2, '/login'),
(2179, 2, '/favicon.ico'),
(2180, 2, '/login'),
(2181, 2, '/'),
(2182, 2, '/favicon.ico'),
(2183, 2, '/favicon.ico'),
(2184, 2, '/users/logout'),
(2185, 1, '/users'),
(2186, 1, '/favicon.ico'),
(2187, 1, '/admin'),
(2188, 1, '/admin'),
(2189, 1, '/favicon.ico'),
(2190, 1, '/basket'),
(2191, 1, '/favicon.ico'),
(2192, 1, '/order'),
(2193, 1, '/favicon.ico'),
(2194, 1, '/catalog'),
(2195, 1, '/favicon.ico'),
(2196, 1, '/users/logout'),
(2197, 1, '/users'),
(2198, 1, '/favicon.ico'),
(2199, 1, '/catalog'),
(2200, 1, '/favicon.ico'),
(2201, 1, '/catalog/1'),
(2202, 1, '/favicon.ico'),
(2203, 1, '/catalog/1/20'),
(2204, 1, '/favicon.ico'),
(2205, 1, '/catalog/1/20?addGood=20'),
(2206, 1, '/catalog/1/20'),
(2207, 1, '/favicon.ico'),
(2208, 1, '/catalog'),
(2209, 1, '/favicon.ico'),
(2210, 1, '/catalog/3'),
(2211, 1, '/favicon.ico'),
(2212, 1, '/catalog/3/19'),
(2213, 1, '/favicon.ico'),
(2214, 1, '/catalog/3/19?addGood=19'),
(2215, 1, '/catalog/3/19'),
(2216, 1, '/favicon.ico'),
(2217, 1, '/catalog'),
(2218, 1, '/favicon.ico'),
(2219, 1, '/catalog/2'),
(2220, 1, '/favicon.ico'),
(2221, 1, '/catalog/2/6'),
(2222, 1, '/favicon.ico'),
(2223, 1, '/catalog/2/6?addGood=6'),
(2224, 1, '/catalog/2/6'),
(2225, 1, '/favicon.ico'),
(2226, 1, '/index'),
(2227, 1, '/favicon.ico'),
(2228, 1, '/catalog'),
(2229, 1, '/favicon.ico'),
(2230, 1, '/admin/index'),
(2231, 1, '/favicon.ico'),
(2232, 1, '/catalog'),
(2233, 1, '/favicon.ico'),
(2234, 1, '/index'),
(2235, 1, '/favicon.ico'),
(2236, 1, '/admin'),
(2237, 1, '/favicon.ico'),
(2238, 1, '/index'),
(2239, 1, '/favicon.ico'),
(2240, 1, '/basket'),
(2241, 1, '/favicon.ico'),
(2242, 1, '/order'),
(2243, 1, '/favicon.ico'),
(2244, 1, '/catalog'),
(2245, 1, '/favicon.ico'),
(2246, 1, '/admin'),
(2247, 1, '/favicon.ico'),
(2248, 1, '/admin'),
(2249, 1, '/favicon.ico'),
(2250, 1, '/admin'),
(2251, 1, '/favicon.ico'),
(2252, 1, '/admin'),
(2253, 1, '/favicon.ico'),
(2254, 1, '/admin'),
(2255, 1, '/favicon.ico'),
(2256, 1, '/admin'),
(2257, 1, '/favicon.ico'),
(2258, 1, '/admin'),
(2259, 1, '/favicon.ico'),
(2260, 1, '/admin'),
(2261, 1, '/favicon.ico'),
(2262, 1, '/admin'),
(2263, 1, '/favicon.ico'),
(2264, 1, '/admin'),
(2265, 1, '/favicon.ico'),
(2266, 1, '/admin'),
(2267, 1, '/favicon.ico'),
(2268, 1, '/admin'),
(2269, 1, '/favicon.ico'),
(2270, 1, '/admin'),
(2271, 1, '/favicon.ico'),
(2272, 1, '/admin'),
(2273, 1, '/favicon.ico'),
(2274, 1, '/admin'),
(2275, 1, '/favicon.ico'),
(2276, 1, '/admin'),
(2277, 1, '/favicon.ico'),
(2278, 1, '/admin'),
(2279, 1, '/favicon.ico'),
(2280, 1, '/admin'),
(2281, 1, '/favicon.ico'),
(2282, 1, '/catalog'),
(2283, 1, '/favicon.ico'),
(2284, 1, '/users/logout'),
(2285, 3, '/users'),
(2286, 3, '/favicon.ico'),
(2287, 3, '/catalog'),
(2288, 3, '/favicon.ico'),
(2289, 3, '/catalog/2'),
(2290, 3, '/favicon.ico'),
(2291, 3, '/catalog/2/1'),
(2292, 3, '/favicon.ico'),
(2293, 3, '/catalog/2/1?addGood=1'),
(2294, 3, '/catalog/2/1'),
(2295, 3, '/favicon.ico'),
(2296, 3, '/catalog/2'),
(2297, 3, '/favicon.ico'),
(2298, 3, '/catalog/2/5'),
(2299, 3, '/favicon.ico'),
(2300, 3, '/catalog/2/5?addGood=5'),
(2301, 3, '/catalog/2/5'),
(2302, 3, '/favicon.ico'),
(2303, 3, '/catalog'),
(2304, 3, '/favicon.ico'),
(2305, 3, '/catalog/1'),
(2306, 3, '/favicon.ico'),
(2307, 3, '/catalog/1/20'),
(2308, 3, '/favicon.ico'),
(2309, 3, '/catalog/1/20?addGood=20'),
(2310, 3, '/catalog/1/20'),
(2311, 3, '/favicon.ico'),
(2312, 3, '/basket'),
(2313, 3, '/favicon.ico'),
(2314, 3, '/users/logout'),
(2315, 3, '/users'),
(2316, 3, '/favicon.ico'),
(2317, 3, '/catalog'),
(2318, 3, '/favicon.ico'),
(2319, 3, '/catalog/2'),
(2320, 3, '/favicon.ico'),
(2321, 3, '/catalog/2/1'),
(2322, 3, '/favicon.ico'),
(2323, 3, '/catalog/2/1?addGood=1'),
(2324, 3, '/catalog/2/1'),
(2325, 3, '/favicon.ico'),
(2326, 3, '/catalog/2/1?addGood=1'),
(2327, 3, '/catalog/2/1'),
(2328, 3, '/favicon.ico'),
(2329, 3, '/catalog/2'),
(2330, 3, '/favicon.ico'),
(2331, 3, '/catalog/2/6'),
(2332, 3, '/favicon.ico'),
(2333, 3, '/catalog/2/6?addGood=6'),
(2334, 3, '/catalog/2/6'),
(2335, 3, '/favicon.ico'),
(2336, 3, '/catalog/2/6?addGood=6'),
(2337, 3, '/catalog/2/6'),
(2338, 3, '/favicon.ico'),
(2339, 3, '/catalog'),
(2340, 3, '/favicon.ico'),
(2341, 3, '/catalog/1'),
(2342, 3, '/favicon.ico'),
(2343, 3, '/catalog/1/20'),
(2344, 3, '/favicon.ico'),
(2345, 3, '/catalog/1/20?addGood=20'),
(2346, 3, '/catalog/1/20'),
(2347, 3, '/favicon.ico'),
(2348, 3, '/basket'),
(2349, 3, '/favicon.ico'),
(2350, 3, '/order'),
(2351, 3, '/favicon.ico'),
(2352, 3, '/admin'),
(2353, 3, '/favicon.ico'),
(2354, 3, '/admin'),
(2355, 3, '/favicon.ico'),
(2356, 3, '/admin'),
(2357, 3, '/favicon.ico'),
(2358, 3, '/admin'),
(2359, 3, '/favicon.ico'),
(2360, 3, '/admin'),
(2361, 3, '/favicon.ico'),
(2362, 3, '/admin'),
(2363, 3, '/favicon.ico'),
(2364, 3, '/admin'),
(2365, 3, '/favicon.ico'),
(2366, 3, '/admin'),
(2367, 3, '/favicon.ico'),
(2368, 3, '/admin'),
(2369, 3, '/favicon.ico'),
(2370, 3, '/admin'),
(2371, 3, '/favicon.ico'),
(2372, 3, '/admin'),
(2373, 3, '/favicon.ico'),
(2374, 3, '/admin'),
(2375, 3, '/favicon.ico'),
(2376, 3, '/catalog'),
(2377, 3, '/favicon.ico'),
(2378, 3, '/catalog/2'),
(2379, 3, '/favicon.ico'),
(2380, 3, '/catalog/2/5'),
(2381, 3, '/favicon.ico'),
(2382, 3, '/catalog/2/5?addGood=5'),
(2383, 3, '/catalog/2/5'),
(2384, 3, '/favicon.ico'),
(2385, 3, '/catalog/2/5?addGood=5'),
(2386, 3, '/catalog/2/5'),
(2387, 3, '/favicon.ico'),
(2388, 3, '/catalog/2/5?addGood=5'),
(2389, 3, '/catalog/2/5'),
(2390, 3, '/favicon.ico'),
(2391, 3, '/catalog'),
(2392, 3, '/favicon.ico'),
(2393, 3, '/catalog/3'),
(2394, 3, '/favicon.ico'),
(2395, 3, '/catalog/3/19'),
(2396, 3, '/favicon.ico'),
(2397, 3, '/catalog/3/19?addGood=19'),
(2398, 3, '/catalog/3/19'),
(2399, 3, '/favicon.ico'),
(2400, 3, '/catalog/3/19?addGood=19'),
(2401, 3, '/catalog/3/19'),
(2402, 3, '/favicon.ico'),
(2403, 3, '/catalog'),
(2404, 3, '/favicon.ico'),
(2405, 3, '/catalog/1'),
(2406, 3, '/favicon.ico'),
(2407, 3, '/catalog/1/20'),
(2408, 3, '/favicon.ico'),
(2409, 3, '/catalog/1/20?addGood=20'),
(2410, 3, '/catalog/1/20'),
(2411, 3, '/favicon.ico'),
(2412, 3, '/catalog/1/20?addGood=20'),
(2413, 3, '/catalog/1/20'),
(2414, 3, '/favicon.ico'),
(2415, 3, '/basket'),
(2416, 3, '/favicon.ico'),
(2417, 3, '/order'),
(2418, 3, '/favicon.ico'),
(2419, 3, '/admin'),
(2420, 3, '/favicon.ico'),
(2421, 3, '/admin'),
(2422, 3, '/favicon.ico'),
(2423, 3, '/admin'),
(2424, 3, '/favicon.ico'),
(2425, 3, '/admin'),
(2426, 3, '/favicon.ico'),
(2427, 3, '/admin'),
(2428, 3, '/favicon.ico'),
(2429, 3, '/admin'),
(2430, 3, '/favicon.ico'),
(2431, 3, '/users/logout'),
(2432, 1, '/users'),
(2433, 1, '/favicon.ico'),
(2434, 1, '/admin'),
(2435, 1, '/favicon.ico'),
(2436, 1, '/users/logout'),
(2437, 3, '/users'),
(2438, 3, '/favicon.ico'),
(2439, 3, '/users/logout'),
(2440, 2, '/users'),
(2441, 2, '/favicon.ico'),
(2442, 2, '/admin'),
(2443, 2, '/login'),
(2444, 2, '/favicon.ico'),
(2445, 2, '/users/logout'),
(2446, 3, '/users'),
(2447, 3, '/favicon.ico'),
(2448, 3, '/admin'),
(2449, 3, '/favicon.ico'),
(2450, 3, '/admin'),
(2451, 3, '/favicon.ico'),
(2452, 3, '/admin'),
(2453, 3, '/favicon.ico'),
(2454, 3, '/admin'),
(2455, 3, '/favicon.ico'),
(2456, 3, '/admin'),
(2457, 3, '/favicon.ico'),
(2458, 3, '/admin'),
(2459, 3, '/favicon.ico'),
(2460, 3, '/admin'),
(2461, 3, '/favicon.ico'),
(2462, 3, '/admin'),
(2463, 3, '/favicon.ico'),
(2464, 3, '/admin'),
(2465, 3, '/favicon.ico'),
(2466, 3, '/admin'),
(2467, 3, '/favicon.ico'),
(2468, 3, '/admin'),
(2469, 3, '/favicon.ico'),
(2470, 3, '/admin'),
(2471, 3, '/favicon.ico'),
(2472, 3, '/admin'),
(2473, 3, '/favicon.ico'),
(2474, 3, '/admin'),
(2475, 3, '/favicon.ico'),
(2476, 3, '/admin'),
(2477, 3, '/favicon.ico'),
(2478, 3, '/admin'),
(2479, 3, '/favicon.ico'),
(2480, 3, '/admin'),
(2481, 3, '/favicon.ico'),
(2482, 3, '/admin'),
(2483, 3, '/favicon.ico'),
(2484, 3, '/admin'),
(2485, 3, '/favicon.ico'),
(2486, 3, '/admin'),
(2487, 3, '/favicon.ico'),
(2488, 3, '/admin'),
(2489, 3, '/favicon.ico'),
(2490, 3, '/admin'),
(2491, 3, '/favicon.ico'),
(2492, 3, '/admin'),
(2493, 3, '/favicon.ico'),
(2494, 3, '/admin'),
(2495, 3, '/favicon.ico'),
(2496, 3, '/admin'),
(2497, 3, '/favicon.ico'),
(2498, 3, '/admin'),
(2499, 3, '/favicon.ico'),
(2500, 3, '/admin'),
(2501, 3, '/favicon.ico'),
(2502, 3, '/admin'),
(2503, 3, '/favicon.ico'),
(2504, 3, '/admin'),
(2505, 3, '/favicon.ico'),
(2506, 3, '/admin'),
(2507, 3, '/favicon.ico'),
(2508, 3, '/admin'),
(2509, 3, '/favicon.ico'),
(2510, 3, '/admin'),
(2511, 3, '/favicon.ico'),
(2512, 3, '/admin'),
(2513, 3, '/favicon.ico'),
(2514, 3, '/admin'),
(2515, 3, '/favicon.ico'),
(2516, 3, '/admin'),
(2517, 3, '/favicon.ico'),
(2518, 3, '/admin'),
(2519, 3, '/favicon.ico'),
(2520, 3, '/admin'),
(2521, 3, '/favicon.ico'),
(2522, 3, '/admin'),
(2523, 3, '/favicon.ico'),
(2524, 3, '/admin'),
(2525, 3, '/favicon.ico'),
(2526, 3, '/admin'),
(2527, 3, '/favicon.ico'),
(2528, 3, '/admin'),
(2529, 3, '/favicon.ico'),
(2530, 3, '/admin'),
(2531, 3, '/favicon.ico'),
(2532, 3, '/admin'),
(2533, 3, '/favicon.ico'),
(2534, 3, '/admin'),
(2535, 3, '/favicon.ico'),
(2536, 3, '/admin'),
(2537, 3, '/favicon.ico'),
(2538, 3, '/admin'),
(2539, 3, '/favicon.ico'),
(2540, 3, '/admin'),
(2541, 3, '/favicon.ico'),
(2542, 3, '/admin'),
(2543, 3, '/favicon.ico'),
(2544, 3, '/admin'),
(2545, 3, '/favicon.ico'),
(2546, 3, '/admin'),
(2547, 3, '/favicon.ico'),
(2548, 3, '/users/logout'),
(2549, 1, '/users'),
(2550, 1, '/favicon.ico'),
(2551, 1, '/admin'),
(2552, 1, '/favicon.ico'),
(2553, 1, '/users/logout'),
(2554, 2, '/users'),
(2555, 2, '/favicon.ico'),
(2556, 2, '/catalog'),
(2557, 2, '/favicon.ico'),
(2558, 2, '/catalog/3'),
(2559, 2, '/favicon.ico'),
(2560, 2, '/catalog/3/19'),
(2561, 2, '/favicon.ico'),
(2562, 2, '/catalog/3/19?addGood=19'),
(2563, 2, '/catalog/3/19'),
(2564, 2, '/favicon.ico'),
(2565, 2, '/catalog/3/19?addGood=19'),
(2566, 2, '/catalog/3/19'),
(2567, 2, '/favicon.ico'),
(2568, 2, '/catalog'),
(2569, 2, '/favicon.ico'),
(2570, 2, '/catalog/1'),
(2571, 2, '/favicon.ico'),
(2572, 2, '/catalog/1/20'),
(2573, 2, '/favicon.ico'),
(2574, 2, '/catalog/1/20?addGood=20'),
(2575, 2, '/catalog/1/20'),
(2576, 2, '/favicon.ico'),
(2577, 2, '/catalog/1/20?addGood=20'),
(2578, 2, '/catalog/1/20'),
(2579, 2, '/favicon.ico'),
(2580, 2, '/basket'),
(2581, 2, '/favicon.ico'),
(2582, 2, '/order'),
(2583, 2, '/favicon.ico'),
(2584, 2, '/users/logout'),
(2585, 1, '/users'),
(2586, 1, '/favicon.ico'),
(2587, 1, '/admin'),
(2588, 1, '/favicon.ico'),
(2589, 1, '/admin'),
(2590, 1, '/favicon.ico'),
(2591, 1, '/admin'),
(2592, 1, '/favicon.ico'),
(2593, 1, '/admin'),
(2594, 1, '/favicon.ico'),
(2595, 1, '/admin'),
(2596, 1, '/favicon.ico'),
(2597, 1, '/admin'),
(2598, 1, '/favicon.ico'),
(2599, 1, '/admin'),
(2600, 1, '/favicon.ico'),
(2601, 1, '/admin'),
(2602, 1, '/favicon.ico'),
(2603, 1, '/admin'),
(2604, 1, '/favicon.ico'),
(2605, 1, '/admin'),
(2606, 1, '/favicon.ico'),
(2607, 1, '/admin'),
(2608, 1, '/favicon.ico'),
(2609, 1, '/admin'),
(2610, 1, '/favicon.ico'),
(2611, 1, '/admin'),
(2612, 1, '/favicon.ico'),
(2613, 1, '/admin'),
(2614, 1, '/favicon.ico'),
(2615, 1, '/admin'),
(2616, 1, '/favicon.ico'),
(2617, 1, '/admin'),
(2618, 1, '/favicon.ico'),
(2619, 1, '/admin'),
(2620, 1, '/favicon.ico'),
(2621, 1, '/admin'),
(2622, 1, '/admin'),
(2623, 1, '/favicon.ico'),
(2624, 1, '/admin'),
(2625, 1, '/admin'),
(2626, 1, '/favicon.ico'),
(2627, 1, '/'),
(2628, 1, '/admin'),
(2629, 1, '/favicon.ico'),
(2630, 1, '/favicon.ico'),
(2631, 1, '/admin'),
(2632, 1, '/favicon.ico'),
(2633, 1, '/admin'),
(2634, 1, '/favicon.ico'),
(2635, 1, '/admin'),
(2636, 1, '/favicon.ico'),
(2637, 1, '/admin'),
(2638, 1, '/favicon.ico'),
(2639, 1, '/users/logout'),
(2640, 2, '/users'),
(2641, 2, '/favicon.ico'),
(2642, 2, '/admin'),
(2643, 2, '/login'),
(2644, 2, '/favicon.ico'),
(2645, 2, '/users/logout'),
(2646, 1, '/users'),
(2647, 1, '/favicon.ico'),
(2648, 1, '/users'),
(2649, 1, '/favicon.ico'),
(2650, 1, '/users/logout'),
(2651, 2, '/users'),
(2652, 2, '/favicon.ico'),
(2653, 2, '/users/logout'),
(2654, 1, '/users'),
(2655, 1, '/favicon.ico'),
(2656, 1, '/users/logout'),
(2657, 2, '/users'),
(2658, 2, '/favicon.ico'),
(2659, 2, '/admin'),
(2660, 2, '/login'),
(2661, 2, '/favicon.ico'),
(2662, 2, '/admin'),
(2663, 2, '/login'),
(2664, 2, '/favicon.ico'),
(2665, 2, '/'),
(2666, 2, '/favicon.ico'),
(2667, 2, '/catalog'),
(2668, 2, '/favicon.ico'),
(2669, 2, '/users/logout'),
(2670, 1, '/users'),
(2671, 1, '/favicon.ico'),
(2672, 1, '/admin'),
(2673, 1, '/favicon.ico'),
(2674, 1, '/admin'),
(2675, 1, '/favicon.ico'),
(2676, 1, '/admin'),
(2677, 1, '/favicon.ico'),
(2678, 1, '/admin'),
(2679, 1, '/favicon.ico'),
(2680, 1, '/admin'),
(2681, 1, '/favicon.ico'),
(2682, 1, '/catalog/1/20'),
(2683, 1, '/favicon.ico'),
(2684, 1, '/admin'),
(2685, 1, '/favicon.ico'),
(2686, 1, '/admin'),
(2687, 1, '/favicon.ico'),
(2688, 1, '/admin'),
(2689, 1, '/favicon.ico'),
(2690, 1, '/admin'),
(2691, 1, '/favicon.ico'),
(2692, 1, '/admin'),
(2693, 1, '/favicon.ico'),
(2694, 1, '/admin'),
(2695, 1, '/favicon.ico'),
(2696, 1, '/admin'),
(2697, 1, '/favicon.ico'),
(2698, 1, '/admin'),
(2699, 1, '/favicon.ico'),
(2700, 1, '/admin'),
(2701, 1, '/favicon.ico'),
(2702, 1, '/admin'),
(2703, 1, '/favicon.ico'),
(2704, 1, '/admin'),
(2705, 1, '/favicon.ico'),
(2706, 1, '/admin'),
(2707, 1, '/favicon.ico'),
(2708, 1, '/admin'),
(2709, 1, '/favicon.ico'),
(2710, 1, '/admin'),
(2711, 1, '/favicon.ico'),
(2712, 1, '/admin'),
(2713, 1, '/favicon.ico'),
(2714, 1, '/admin'),
(2715, 1, '/favicon.ico'),
(2716, 1, '/admin'),
(2717, 1, '/favicon.ico'),
(2718, 1, '/admin'),
(2719, 1, '/favicon.ico'),
(2720, 1, '/admin'),
(2721, 1, '/favicon.ico'),
(2722, 1, '/admin'),
(2723, 1, '/favicon.ico'),
(2724, 1, '/admin'),
(2725, 1, '/favicon.ico'),
(2726, 1, '/admin'),
(2727, 1, '/favicon.ico'),
(2728, 1, '/admin'),
(2729, 1, '/favicon.ico'),
(2730, 1, '/admin'),
(2731, 1, '/favicon.ico'),
(2732, 1, '/admin'),
(2733, 1, '/favicon.ico'),
(2734, 1, '/admin'),
(2735, 1, '/favicon.ico'),
(2736, 1, '/admin'),
(2737, 1, '/favicon.ico'),
(2738, 1, '/admin'),
(2739, 1, '/favicon.ico'),
(2740, 1, '/admin'),
(2741, 1, '/favicon.ico'),
(2742, 1, '/admin'),
(2743, 1, '/favicon.ico'),
(2744, 1, '/admin'),
(2745, 1, '/favicon.ico'),
(2746, 1, '/admin'),
(2747, 1, '/favicon.ico'),
(2748, 1, '/admin'),
(2749, 1, '/favicon.ico'),
(2750, 1, '/admin'),
(2751, 1, '/favicon.ico'),
(2752, 1, '/admin'),
(2753, 1, '/favicon.ico'),
(2754, 1, '/admin'),
(2755, 1, '/favicon.ico'),
(2756, 1, '/admin'),
(2757, 1, '/favicon.ico'),
(2758, 1, '/admin'),
(2759, 1, '/favicon.ico'),
(2760, 1, '/admin'),
(2761, 1, '/favicon.ico'),
(2762, 1, '/admin'),
(2763, 1, '/favicon.ico'),
(2764, 1, '/admin'),
(2765, 1, '/favicon.ico'),
(2766, 1, '/admin'),
(2767, 1, '/favicon.ico'),
(2768, 1, '/admin'),
(2769, 1, '/favicon.ico'),
(2770, 1, '/admin'),
(2771, 1, '/favicon.ico'),
(2772, 1, '/admin'),
(2773, 1, '/favicon.ico'),
(2774, 1, '/admin'),
(2775, 1, '/favicon.ico'),
(2776, 1, '/admin'),
(2777, 1, '/favicon.ico'),
(2778, 1, '/catalog/3/19'),
(2779, 1, '/favicon.ico'),
(2780, 1, '/admin'),
(2781, 1, '/favicon.ico'),
(2782, 1, '/catalog/2/5'),
(2783, 1, '/favicon.ico'),
(2784, 1, '/admin'),
(2785, 1, '/favicon.ico'),
(2786, 1, '/admin'),
(2787, 1, '/'),
(2788, 1, '/favicon.ico'),
(2789, 1, '/favicon.ico'),
(2790, 1, '/users/logout'),
(2791, 3, '/users'),
(2792, 3, '/favicon.ico'),
(2793, 3, '/admin'),
(2794, 3, '/favicon.ico'),
(2795, 3, '/users/logout'),
(2796, 2, '/users'),
(2797, 2, '/favicon.ico'),
(2798, 2, '/users/logout'),
(2799, 2, '/users'),
(2800, 2, '/favicon.ico'),
(2801, 2, '/users/logout'),
(2802, 2, '/users'),
(2803, 2, '/favicon.ico'),
(2804, 2, '/admin'),
(2805, 2, '/login'),
(2806, 2, '/favicon.ico'),
(2807, 2, '/users/login'),
(2808, 1, '/users'),
(2809, 1, '/favicon.ico'),
(2810, 1, '/admin'),
(2811, 1, '/favicon.ico'),
(2812, 1, '/users/logout'),
(2813, 1, '/users'),
(2814, 1, '/favicon.ico'),
(2815, 1, '/admin'),
(2816, 1, '/favicon.ico'),
(2817, 1, '/users/logout'),
(2818, 1, '/users'),
(2819, 1, '/favicon.ico'),
(2820, 1, '/admin'),
(2821, 1, '/favicon.ico'),
(2822, 1, '/admin'),
(2823, 1, '/favicon.ico'),
(2824, 1, '/admin'),
(2825, 1, '/favicon.ico'),
(2826, 1, '/admin'),
(2827, 1, '/favicon.ico'),
(2828, 1, '/admin'),
(2829, 1, '/favicon.ico'),
(2830, 1, '/admin'),
(2831, 1, '/favicon.ico'),
(2832, 1, '/admin'),
(2833, 1, '/favicon.ico'),
(2834, 1, '/admin'),
(2835, 1, '/favicon.ico'),
(2836, 1, '/admin'),
(2837, 1, '/favicon.ico'),
(2838, 1, '/admin'),
(2839, 1, '/favicon.ico'),
(2840, 1, '/admin'),
(2841, 1, '/favicon.ico'),
(2842, 1, '/admin'),
(2843, 1, '/favicon.ico'),
(2844, 1, '/admin'),
(2845, 1, '/favicon.ico'),
(2846, 1, '/catalog'),
(2847, 1, '/favicon.ico'),
(2848, 1, '/catalog/2'),
(2849, 1, '/favicon.ico'),
(2850, 1, '/catalog/2/5'),
(2851, 1, '/favicon.ico'),
(2852, 1, '/catalog/2/5?addGood=5'),
(2853, 1, '/catalog/2/5'),
(2854, 1, '/favicon.ico'),
(2855, 1, '/basket'),
(2856, 1, '/favicon.ico'),
(2857, 1, '/order'),
(2858, 1, '/favicon.ico'),
(2859, 1, '/admin'),
(2860, 1, '/favicon.ico'),
(2861, 1, '/admin'),
(2862, 1, '/favicon.ico'),
(2863, 1, '/admin'),
(2864, 1, '/favicon.ico'),
(2865, 1, '/admin'),
(2866, 1, '/favicon.ico'),
(2867, 1, '/admin'),
(2868, 1, '/favicon.ico'),
(2869, 1, '/admin'),
(2870, 1, '/favicon.ico'),
(2871, 1, '/admin'),
(2872, 1, '/favicon.ico'),
(2873, 1, '/admin'),
(2874, 1, '/favicon.ico'),
(2875, 1, '/admin'),
(2876, 1, '/favicon.ico'),
(2877, 1, '/admin'),
(2878, 1, '/favicon.ico'),
(2879, 1, '/admin'),
(2880, 1, '/favicon.ico'),
(2881, 1, '/admin'),
(2882, 1, '/favicon.ico'),
(2883, 1, '/admin'),
(2884, 1, '/favicon.ico'),
(2885, 1, '/admin'),
(2886, 1, '/favicon.ico'),
(2887, 1, '/admin'),
(2888, 1, '/favicon.ico'),
(2889, 1, '/admin'),
(2890, 1, '/favicon.ico'),
(2891, 1, '/admin'),
(2892, 1, '/favicon.ico'),
(2893, 1, '/admin'),
(2894, 1, '/favicon.ico'),
(2895, 1, '/admin'),
(2896, 1, '/favicon.ico'),
(2897, 1, '/admin'),
(2898, 1, '/favicon.ico'),
(2899, 1, '/admin'),
(2900, 1, '/favicon.ico'),
(2901, 1, '/admin'),
(2902, 1, '/favicon.ico'),
(2903, 1, '/admin'),
(2904, 1, '/favicon.ico'),
(2905, 1, '/admin/order?id=16&status=2'),
(2906, 1, '/admin'),
(2907, 1, '/favicon.ico'),
(2908, 1, '/admin/order?id=16&status=4'),
(2909, 1, '/admin/order?id=16&status=2'),
(2910, 1, '/admin/order?id=16&status=3'),
(2911, 1, '/admin/order?id=16&status=4'),
(2912, 1, '/admin/order?id=15&status=2'),
(2913, 1, '/users/logout'),
(2914, 1, '/users'),
(2915, 1, '/favicon.ico'),
(2916, 1, '/catalog'),
(2917, 1, '/favicon.ico'),
(2918, 1, '/catalog/2'),
(2919, 1, '/favicon.ico'),
(2920, 1, '/catalog/2/6'),
(2921, 1, '/favicon.ico'),
(2922, 1, '/catalog/2/6?addGood=6'),
(2923, 1, '/catalog/2/6'),
(2924, 1, '/favicon.ico'),
(2925, 1, '/basket'),
(2926, 1, '/favicon.ico'),
(2927, 1, '/order'),
(2928, 1, '/favicon.ico'),
(2929, 1, '/admin'),
(2930, 1, '/favicon.ico'),
(2931, 1, '/admin/order?id=17&status=3'),
(2932, 1, '/catalog'),
(2933, 1, '/favicon.ico'),
(2934, 1, '/catalog/3'),
(2935, 1, '/favicon.ico'),
(2936, 1, '/catalog/3/19'),
(2937, 1, '/favicon.ico'),
(2938, 1, '/catalog/3/19?addGood=19'),
(2939, 1, '/catalog/3/19'),
(2940, 1, '/favicon.ico'),
(2941, 1, '/admin'),
(2942, 1, '/favicon.ico'),
(2943, 1, '/admin/order?id=17&status=3'),
(2944, 1, '/admin'),
(2945, 1, '/favicon.ico'),
(2946, 1, '/admin/status?id=18&status=4'),
(2947, 1, '/admin'),
(2948, 1, '/favicon.ico'),
(2949, 1, '/admin'),
(2950, 1, '/favicon.ico'),
(2951, 1, '/admin/status?id=18&status=3'),
(2952, 1, '/admin/status?id=18&status=2'),
(2953, 1, '/admin'),
(2954, 1, '/favicon.ico'),
(2955, 1, '/admin/status?id=10&status=4'),
(2956, 1, '/admin'),
(2957, 1, '/favicon.ico'),
(2958, 1, '/admin'),
(2959, 1, '/favicon.ico'),
(2960, 1, '/admin'),
(2961, 1, '/favicon.ico'),
(2962, 1, '/admin/status?id=11&status=1'),
(2963, 1, '/admin'),
(2964, 1, '/favicon.ico'),
(2965, 1, '/admin'),
(2966, 1, '/favicon.ico'),
(2967, 1, '/admin/status?id=17&status=3'),
(2968, 1, '/admin'),
(2969, 1, '/favicon.ico'),
(2970, 1, '/admin'),
(2971, 1, '/favicon.ico'),
(2972, 1, '/admin/status?id=16&status=2'),
(2973, 1, '/admin/status?id=17&status=3'),
(2974, 1, '/admin'),
(2975, 1, '/favicon.ico'),
(2976, 1, '/admin/status?id=17&status=3'),
(2977, 1, '/admin/status?id=18&status=4'),
(2978, 1, '/admin'),
(2979, 1, '/favicon.ico'),
(2980, 1, '/admin/status?id=18&status=4'),
(2981, 1, '/admin'),
(2982, 1, '/favicon.ico'),
(2983, 1, '/admin'),
(2984, 1, '/favicon.ico'),
(2985, 1, '/admin'),
(2986, 1, '/favicon.ico'),
(2987, 1, '/admin'),
(2988, 1, '/favicon.ico'),
(2989, 1, '/admin/status?id=18&status=1'),
(2990, 1, '/admin'),
(2991, 1, '/favicon.ico'),
(2992, 1, '/admin/status?id=18&status=4'),
(2993, 1, '/admin'),
(2994, 1, '/favicon.ico'),
(2995, 1, '/admin/status?id=18&status=3'),
(2996, 1, '/admin'),
(2997, 1, '/favicon.ico'),
(2998, 1, '/admin'),
(2999, 1, '/favicon.ico'),
(3000, 1, '/admin/status?id=18&status=4'),
(3001, 1, '/admin'),
(3002, 1, '/favicon.ico'),
(3003, 1, '/admin/status?id=17&status=2'),
(3004, 1, '/admin/status?id=16&status=4'),
(3005, 1, '/admin'),
(3006, 1, '/favicon.ico'),
(3007, 1, '/admin'),
(3008, 1, '/favicon.ico'),
(3009, 1, '/admin'),
(3010, 1, '/favicon.ico'),
(3011, 1, '/admin'),
(3012, 1, '/favicon.ico'),
(3013, 1, '/admin/status?id=18&status=4'),
(3014, 1, '/admin'),
(3015, 1, '/favicon.ico'),
(3016, 1, '/admin/status?id=18&status=1'),
(3017, 1, '/admin'),
(3018, 1, '/favicon.ico'),
(3019, 1, '/admin'),
(3020, 1, '/favicon.ico'),
(3021, 1, '/admin'),
(3022, 1, '/favicon.ico'),
(3023, 1, '/admin'),
(3024, 1, '/favicon.ico'),
(3025, 1, '/admin/status?id=18&status=4'),
(3026, 1, '/admin'),
(3027, 1, '/favicon.ico'),
(3028, 1, '/admin'),
(3029, 1, '/favicon.ico'),
(3030, 1, '/admin'),
(3031, 1, '/favicon.ico'),
(3032, 1, '/admin'),
(3033, 1, '/favicon.ico'),
(3034, 1, '/admin/status?id=18&status=4'),
(3035, 1, '/admin'),
(3036, 1, '/favicon.ico'),
(3037, 1, '/admin'),
(3038, 1, '/favicon.ico'),
(3039, 1, '/admin'),
(3040, 1, '/favicon.ico'),
(3041, 1, '/admin'),
(3042, 1, '/favicon.ico'),
(3043, 1, '/admin'),
(3044, 1, '/favicon.ico'),
(3045, 1, '/admin/status?id=18&status=4'),
(3046, 1, '/admin'),
(3047, 1, '/favicon.ico'),
(3048, 1, '/admin'),
(3049, 1, '/favicon.ico'),
(3050, 1, '/admin'),
(3051, 1, '/favicon.ico'),
(3052, 1, '/admin'),
(3053, 1, '/favicon.ico'),
(3054, 1, '/admin/status?id=18&status=2'),
(3055, 1, '/admin'),
(3056, 1, '/favicon.ico'),
(3057, 1, '/admin'),
(3058, 1, '/favicon.ico'),
(3059, 1, '/admin'),
(3060, 1, '/favicon.ico'),
(3061, 1, '/admin/status?id=17&status=3'),
(3062, 1, '/admin'),
(3063, 1, '/favicon.ico'),
(3064, 1, '/admin/status?id=18&status=3'),
(3065, 1, '/admin'),
(3066, 1, '/favicon.ico'),
(3067, 1, '/admin'),
(3068, 1, '/favicon.ico'),
(3069, 1, '/admin/status?id=18&status=1'),
(3070, 1, '/admin/status?id=17&status=1'),
(3071, 1, '/admin'),
(3072, 1, '/favicon.ico'),
(3073, 1, '/admin'),
(3074, 1, '/favicon.ico'),
(3075, 1, '/admin/status?id=18&status=2'),
(3076, 1, '/admin/status?id=17&status=2'),
(3077, 1, '/admin/status?id=16&status=2'),
(3078, 1, '/admin'),
(3079, 1, '/favicon.ico'),
(3080, 1, '/admin'),
(3081, 1, '/favicon.ico'),
(3082, 1, '/admin/status?id=18&status=2'),
(3083, 1, '/admin/status?id=17&status=2'),
(3084, 1, '/admin/status?id=16&status=2'),
(3085, 1, '/admin'),
(3086, 1, '/favicon.ico'),
(3087, 1, '/admin'),
(3088, 1, '/favicon.ico'),
(3089, 1, '/admin'),
(3090, 1, '/favicon.ico'),
(3091, 1, '/admin/status?id=18&status=3'),
(3092, 1, '/admin/status?id=17&status=3'),
(3093, 1, '/admin'),
(3094, 1, '/favicon.ico'),
(3095, 1, '/admin'),
(3096, 1, '/favicon.ico'),
(3097, 1, '/admin'),
(3098, 1, '/favicon.ico'),
(3099, 1, '/users/logout'),
(3100, 3, '/users'),
(3101, 3, '/favicon.ico'),
(3102, 3, '/admin'),
(3103, 3, '/favicon.ico'),
(3104, 3, '/users/logout'),
(3105, 2, '/users'),
(3106, 2, '/favicon.ico'),
(3107, 2, '/admin'),
(3108, 2, '/login'),
(3109, 2, '/favicon.ico'),
(3110, 2, '/users/login'),
(3111, 1, '/users'),
(3112, 1, '/favicon.ico'),
(3113, 1, '/admin'),
(3114, 1, '/favicon.ico'),
(3115, 1, '/admin/status?id=18&status=1'),
(3116, 1, '/admin'),
(3117, 1, '/favicon.ico'),
(3118, 1, '/users/logout'),
(3119, 2, '/users'),
(3120, 2, '/favicon.ico'),
(3121, 2, '/catalog'),
(3122, 2, '/favicon.ico'),
(3123, 2, '/'),
(3124, 2, '/favicon.ico'),
(3125, 2, '/users/logout'),
(3126, 1, '/users'),
(3127, 1, '/favicon.ico'),
(3128, 1, '/users/logout'),
(3129, 3, '/users'),
(3130, 3, '/favicon.ico'),
(3131, 3, '/users'),
(3132, 3, '/favicon.ico'),
(3133, 3, '/users'),
(3134, 3, '/favicon.ico'),
(3135, 3, '/users'),
(3136, 3, '/favicon.ico'),
(3137, 3, '/users/logout'),
(3138, 1, '/users'),
(3139, 1, '/favicon.ico'),
(3140, 1, '/users/logout'),
(3141, 3, '/users'),
(3142, 3, '/favicon.ico'),
(3143, 3, '/users/logout'),
(3144, 2, '/users'),
(3145, 2, '/favicon.ico'),
(3146, 2, '/users/logout'),
(3147, 1, '/users'),
(3148, 1, '/favicon.ico'),
(3149, 1, '/admin'),
(3150, 1, '/favicon.ico'),
(3151, 1, '/admin/status?id=18&status=4'),
(3152, 1, '/admin'),
(3153, 1, '/favicon.ico'),
(3154, 1, '/admin'),
(3155, 1, '/favicon.ico'),
(3156, 1, '/admin'),
(3157, 1, '/favicon.ico'),
(3158, 1, '/users/logout'),
(3159, 1, '/users'),
(3160, 1, '/favicon.ico'),
(3161, 1, '/users'),
(3162, 1, '/favicon.ico'),
(3163, 1, '/users'),
(3164, 1, '/favicon.ico'),
(3165, 1, '/users'),
(3166, 1, '/favicon.ico'),
(3167, 1, '/users'),
(3168, 1, '/favicon.ico'),
(3169, 1, '/users'),
(3170, 1, '/favicon.ico'),
(3171, 1, '/users'),
(3172, 1, '/favicon.ico'),
(3173, 1, '/users'),
(3174, 1, '/favicon.ico'),
(3175, 1, '/users/logout'),
(3176, 2, '/users'),
(3177, 2, '/favicon.ico'),
(3178, 2, '/users/logout'),
(3179, 3, '/users'),
(3180, 3, '/favicon.ico'),
(3181, 3, '/admin'),
(3182, 3, '/admin'),
(3183, 3, '/favicon.ico'),
(3184, 3, '/users/logout'),
(3185, 1, '/users'),
(3186, 1, '/favicon.ico'),
(3187, 1, '/users'),
(3188, 1, '/favicon.ico'),
(3189, 1, '/users'),
(3190, 1, '/favicon.ico'),
(3191, 1, '/users'),
(3192, 1, '/favicon.ico'),
(3193, 1, '/users'),
(3194, 1, '/favicon.ico'),
(3195, 1, '/users'),
(3196, 1, '/favicon.ico'),
(3197, 1, '/users'),
(3198, 1, '/favicon.ico'),
(3199, 1, '/users'),
(3200, 1, '/favicon.ico'),
(3201, 1, '/users/logout'),
(3202, 4, '/users'),
(3203, 4, '/favicon.ico'),
(3204, 4, '/users'),
(3205, 4, '/favicon.ico'),
(3206, 4, '/users'),
(3207, 4, '/favicon.ico'),
(3208, 4, '/users'),
(3209, 4, '/favicon.ico'),
(3210, 4, '/users/logout'),
(3211, 1, '/users'),
(3212, 1, '/favicon.ico'),
(3213, 1, '/admin'),
(3214, 1, '/favicon.ico'),
(3215, 1, '/admin/status?id=18&status=3'),
(3216, 1, '/admin'),
(3217, 1, '/favicon.ico'),
(3218, 1, '/admin'),
(3219, 1, '/users/logout'),
(3220, 3, '/users'),
(3221, 3, '/favicon.ico'),
(3222, 3, '/users/logout'),
(3223, 2, '/users'),
(3224, 2, '/favicon.ico'),
(3225, 2, '/users/logout'),
(3226, 1, '/users'),
(3227, 1, '/favicon.ico'),
(3228, 1, '/admin'),
(3229, 1, '/favicon.ico'),
(3230, 1, '/admin/status?id=15&status=3'),
(3231, 1, '/admin'),
(3232, 1, '/favicon.ico'),
(3233, 1, '/admin'),
(3234, 1, '/favicon.ico'),
(3235, 1, '/admin'),
(3236, 1, '/favicon.ico'),
(3237, 1, '/users/logout'),
(3238, 1, '/users'),
(3239, 1, '/favicon.ico'),
(3240, 1, '/admin'),
(3241, 1, '/favicon.ico'),
(3242, 1, '/admin/status?id=18&status=1'),
(3243, 1, '/admin'),
(3244, 1, '/favicon.ico'),
(3245, 1, '/admin'),
(3246, 1, '/favicon.ico'),
(3247, 1, '/admin'),
(3248, 1, '/favicon.ico'),
(3249, 1, '/users/logout'),
(3250, 1, '/users'),
(3251, 1, '/favicon.ico'),
(3252, 1, '/admin'),
(3253, 1, '/favicon.ico'),
(3254, 1, '/admin/status?id=18&status=4'),
(3255, 1, '/admin/status?id=17&status=4'),
(3256, 1, '/admin'),
(3257, 1, '/favicon.ico'),
(3258, 1, '/admin'),
(3259, 1, '/favicon.ico'),
(3260, 1, '/admin'),
(3261, 1, '/favicon.ico'),
(3262, 1, '/catalog'),
(3263, 1, '/favicon.ico'),
(3264, 1, '/catalog/1'),
(3265, 1, '/favicon.ico'),
(3266, 1, '/catalog/1/20'),
(3267, 1, '/favicon.ico'),
(3268, 1, '/catalog'),
(3269, 1, '/favicon.ico'),
(3270, 1, '/catalog/2'),
(3271, 1, '/favicon.ico'),
(3272, 1, '/catalog/2/5'),
(3273, 1, '/favicon.ico'),
(3274, 1, '/catalog'),
(3275, 1, '/favicon.ico'),
(3276, 1, '/catalog/3'),
(3277, 1, '/favicon.ico'),
(3278, 1, '/catalog/3/19'),
(3279, 1, '/favicon.ico'),
(3280, 1, '/catalog/3/19?addGood=19'),
(3281, 1, '/catalog/3/19'),
(3282, 1, '/favicon.ico'),
(3283, 1, '/basket'),
(3284, 1, '/favicon.ico'),
(3285, 1, '/catalog/3/19'),
(3286, 1, '/favicon.ico'),
(3287, 1, '/admin'),
(3288, 1, '/favicon.ico');

-- --------------------------------------------------------

--
-- Структура таблицы `orders`
--

CREATE TABLE `orders` (
  `id` int(11) NOT NULL,
  `id_user` int(10) NOT NULL,
  `date_order` datetime NOT NULL DEFAULT CURRENT_TIMESTAMP,
  `status` int(11) NOT NULL
) ENGINE=InnoDB DEFAULT CHARSET=utf8;

--
-- Дамп данных таблицы `orders`
--

INSERT INTO `orders` (`id`, `id_user`, `date_order`, `status`) VALUES
(10, 1, '2020-12-28 17:58:37', 1),
(11, 1, '2020-12-28 18:03:47', 2),
(12, 1, '2020-12-29 22:41:10', 3),
(13, 3, '2020-12-29 23:56:20', 1),
(14, 3, '2020-12-30 00:23:11', 1),
(15, 2, '2020-12-30 01:04:43', 3),
(16, 1, '2020-12-30 13:21:22', 2),
(17, 1, '2020-12-30 15:21:59', 4),
(18, 1, '2020-12-30 15:22:33', 4);

-- --------------------------------------------------------

--
-- Структура таблицы `orders_goods`
--

CREATE TABLE `orders_goods` (
  `id` int(11) NOT NULL,
  `orders_id` int(11) NOT NULL,
  `id_good` int(11) NOT NULL,
  `price_good` varchar(250) NOT NULL,
  `count` int(11) NOT NULL
) ENGINE=InnoDB DEFAULT CHARSET=utf8;

--
-- Дамп данных таблицы `orders_goods`
--

INSERT INTO `orders_goods` (`id`, `orders_id`, `id_good`, `price_good`, `count`) VALUES
(1, 10, 1, '30000', 2),
(2, 10, 19, '150000', 1),
(3, 11, 1, '30000', 2),
(4, 11, 19, '150000', 1),
(5, 12, 6, '15000', 1),
(6, 12, 19, '150000', 1),
(7, 12, 20, '10000', 1),
(8, 13, 1, '30000', 2),
(9, 13, 6, '15000', 2),
(10, 13, 20, '10000', 1),
(11, 14, 5, '25000', 3),
(12, 14, 19, '150000', 2),
(13, 14, 20, '10000', 2),
(14, 15, 19, '150000', 2),
(15, 15, 20, '10000', 2),
(16, 16, 5, '25000', 1),
(17, 17, 6, '15000', 1),
(18, 18, 19, '150000', 1);

-- --------------------------------------------------------

--
-- Структура таблицы `reviews`
--

CREATE TABLE `reviews` (
  `id` int(11) NOT NULL,
  `name_user` varchar(50) NOT NULL,
  `text_user` text NOT NULL,
  `publication_date` datetime NOT NULL DEFAULT CURRENT_TIMESTAMP
) ENGINE=InnoDB DEFAULT CHARSET=utf8;

--
-- Дамп данных таблицы `reviews`
--

INSERT INTO `reviews` (`id`, `name_user`, `text_user`, `publication_date`) VALUES
(32, 'сергей', 'Задача организации, в особенности же новая модель организационной деятельности способствует подготовки и реализации направлений прогрессивного развития. Не следует, однако забывать, что постоянный количественный рост и сфера нашей активности позволяет выполнять важные задания по разработке новых предложений.', '2020-10-19 13:35:50'),
(33, 'сергей', 'вного развития. Не следует, однако забывать, что постоянный количественный рост и сфера нашей активности позволяет выполнять важные задания по разработке новых предложений. Равным образом новая модель организационной деятельности представляет собой интересный эксперимент проверки существенных финансовых и административных условий. Повседневная практика показывает, что рамки и место обучения кадров обеспечивает широкому кругу (специалистов) участие в формировании форм развития. Идейные соображения высшего порядка, а также постоянный количественный рост и сфера нашей активности требуют от нас анализа системы обучения кадров, соответствует насущным потребностям. С другой стороны рамки и место обучен', '2020-10-19 19:14:54');

-- --------------------------------------------------------

--
-- Структура таблицы `users`
--

CREATE TABLE `users` (
  `id_user` int(11) NOT NULL,
  `login_user` varchar(50) NOT NULL,
  `pass_user` varchar(250) NOT NULL
) ENGINE=InnoDB DEFAULT CHARSET=utf8;

--
-- Дамп данных таблицы `users`
--

INSERT INTO `users` (`id_user`, `login_user`, `pass_user`) VALUES
(1, 'admin', '$2y$10$zQ88HdyOQ1e7i29qQ4r9M.vMRSGgSAj6Ll7Mcsd4GT8By9ZLGGrSm'),
(2, 'user', '$2y$10$g989LhnIp6B5FferATqiLO/SYJVfLt7EciGcpBPpRFdCs14xd0N.q'),
(3, 'cont', '$2y$10$F7OmZ9xJkArZTVTShUdTmOGmq8IwusZiLmtn2XXi561AB25nNWHVa'),
(4, 'user1', '$2y$10$rw4w7zDDf.t83yNgLi4/wOsEF2E441hCRGQgnvq.uwMt.BguX2DLu');

-- --------------------------------------------------------

--
-- Структура таблицы `users_role`
--

CREATE TABLE `users_role` (
  `id` int(10) NOT NULL,
  `id_user` int(10) NOT NULL,
  `user_role` int(10) NOT NULL
) ENGINE=InnoDB DEFAULT CHARSET=utf8;

--
-- Дамп данных таблицы `users_role`
--

INSERT INTO `users_role` (`id`, `id_user`, `user_role`) VALUES
(7, 1, 1),
(9, 3, 2),
(10, 1, 2);

--
-- Индексы сохранённых таблиц
--

--
-- Индексы таблицы `categories`
--
ALTER TABLE `categories`
  ADD PRIMARY KEY (`id`);

--
-- Индексы таблицы `goods`
--
ALTER TABLE `goods`
  ADD PRIMARY KEY (`id_good`);

--
-- Индексы таблицы `history`
--
ALTER TABLE `history`
  ADD PRIMARY KEY (`id`);

--
-- Индексы таблицы `orders`
--
ALTER TABLE `orders`
  ADD PRIMARY KEY (`id`);

--
-- Индексы таблицы `orders_goods`
--
ALTER TABLE `orders_goods`
  ADD PRIMARY KEY (`id`);

--
-- Индексы таблицы `reviews`
--
ALTER TABLE `reviews`
  ADD PRIMARY KEY (`id`);

--
-- Индексы таблицы `users`
--
ALTER TABLE `users`
  ADD PRIMARY KEY (`id_user`);

--
-- Индексы таблицы `users_role`
--
ALTER TABLE `users_role`
  ADD PRIMARY KEY (`id`);

--
-- AUTO_INCREMENT для сохранённых таблиц
--

--
-- AUTO_INCREMENT для таблицы `categories`
--
ALTER TABLE `categories`
  MODIFY `id` int(10) NOT NULL AUTO_INCREMENT, AUTO_INCREMENT=4;

--
-- AUTO_INCREMENT для таблицы `goods`
--
ALTER TABLE `goods`
  MODIFY `id_good` int(11) NOT NULL AUTO_INCREMENT, AUTO_INCREMENT=21;

--
-- AUTO_INCREMENT для таблицы `history`
--
ALTER TABLE `history`
  MODIFY `id` int(10) NOT NULL AUTO_INCREMENT, AUTO_INCREMENT=3289;

--
-- AUTO_INCREMENT для таблицы `orders`
--
ALTER TABLE `orders`
  MODIFY `id` int(11) NOT NULL AUTO_INCREMENT, AUTO_INCREMENT=19;

--
-- AUTO_INCREMENT для таблицы `orders_goods`
--
ALTER TABLE `orders_goods`
  MODIFY `id` int(11) NOT NULL AUTO_INCREMENT, AUTO_INCREMENT=19;

--
-- AUTO_INCREMENT для таблицы `reviews`
--
ALTER TABLE `reviews`
  MODIFY `id` int(11) NOT NULL AUTO_INCREMENT, AUTO_INCREMENT=34;

--
-- AUTO_INCREMENT для таблицы `users`
--
ALTER TABLE `users`
  MODIFY `id_user` int(11) NOT NULL AUTO_INCREMENT, AUTO_INCREMENT=5;

--
-- AUTO_INCREMENT для таблицы `users_role`
--
ALTER TABLE `users_role`
  MODIFY `id` int(10) NOT NULL AUTO_INCREMENT, AUTO_INCREMENT=11;
COMMIT;

/*!40101 SET CHARACTER_SET_CLIENT=@OLD_CHARACTER_SET_CLIENT */;
/*!40101 SET CHARACTER_SET_RESULTS=@OLD_CHARACTER_SET_RESULTS */;
/*!40101 SET COLLATION_CONNECTION=@OLD_COLLATION_CONNECTION */;
